{
  "loss": [
    59.45359802246094,
    36.758201599121094,
    31.500709533691406,
    29.066286087036133,
    27.838369369506836,
    26.962356567382812,
    26.051807403564453,
    25.037199020385742,
    24.39430046081543,
    23.780805587768555,
    23.173934936523438,
    22.440799713134766,
    21.841175079345703,
    21.359954833984375,
    20.928695678710938,
    20.541372299194336,
    20.368816375732422,
    20.02250099182129,
    19.697734832763672,
    19.607769012451172,
    19.308944702148438,
    19.06831932067871,
    18.95281219482422,
    18.672082901000977,
    18.60026741027832,
    18.31209373474121,
    18.172412872314453,
    17.86514663696289,
    17.78338050842285,
    17.668731689453125,
    17.454744338989258,
    17.316679000854492,
    17.136018753051758,
    17.025623321533203,
    16.777685165405273,
    16.721487045288086,
    16.566225051879883,
    16.496902465820312,
    16.386335372924805,
    16.312541961669922,
    16.11606216430664,
    16.125429153442383,
    16.03390884399414,
    15.895590782165527,
    15.821208953857422,
    15.715685844421387,
    15.614285469055176,
    15.719412803649902
  ],
  "val_loss": [
    40.37664794921875,
    31.75411605834961,
    27.524028778076172,
    26.18502426147461,
    25.52562141418457,
    24.757957458496094,
    23.648107528686523,
    22.896883010864258,
    22.392440795898438,
    21.900354385375977,
    21.09554100036621,
    20.300636291503906,
    19.753795623779297,
    19.17144203186035,
    18.79151153564453,
    18.7827091217041,
    18.64599609375,
    18.424701690673828,
    17.978666305541992,
    17.77981185913086,
    17.69546127319336,
    17.345354080200195,
    17.28926658630371,
    17.536327362060547,
    16.87034034729004,
    16.616254806518555,
    16.55947494506836,
    16.18798828125,
    16.246517181396484,
    15.657734870910645,
    15.972128868103027,
    15.72376537322998,
    15.030945777893066,
    15.449197769165039,
    15.117507934570312,
    15.431647300720215,
    15.637247085571289,
    14.789525032043457,
    15.818497657775879,
    16.430639266967773,
    15.486215591430664,
    16.585206985473633,
    15.459189414978027,
    15.274559020996094,
    15.85757827758789,
    16.460792541503906,
    15.443961143493652,
    16.19133186340332
  ],
  "learning_rate": [
    0.0010000000474974513,
    0.0010000000474974513,
    0.0010000000474974513,
    0.0010000000474974513,
    0.0010000000474974513,
    0.0010000000474974513,
    0.0010000000474974513,
    0.0010000000474974513,
    0.0010000000474974513,
    0.0010000000474974513,
    0.0010000000474974513,
    0.0010000000474974513,
    0.0010000000474974513,
    0.0010000000474974513,
    0.0010000000474974513,
    0.0010000000474974513,
    0.0010000000474974513,
    0.0010000000474974513,
    0.0010000000474974513,
    0.0010000000474974513,
    0.0010000000474974513,
    0.0010000000474974513,
    0.0010000000474974513,
    0.0010000000474974513,
    0.0010000000474974513,
    0.0010000000474974513,
    0.0010000000474974513,
    0.0010000000474974513,
    0.0010000000474974513,
    0.0010000000474974513,
    0.0010000000474974513,
    0.0010000000474974513,
    0.0010000000474974513,
    0.0010000000474974513,
    0.0010000000474974513,
    0.0010000000474974513,
    0.0010000000474974513,
    0.0010000000474974513,
    0.0010000000474974513,
    0.0010000000474974513,
    0.0010000000474974513,
    0.0010000000474974513,
    0.0010000000474974513,
    0.0005000000237487257,
    0.0005000000237487257,
    0.0005000000237487257,
    0.0005000000237487257,
    0.0005000000237487257
  ]
}