{
  "beta": 1.0,
  "latent_dim": 8,
  "input_dim": 44,
  "epochs_max": 100,
  "epochs_actual": 48,
  "batch_size": 512,
  "learning_rate": 0.001,
  "patience": 10,
  "best_val_loss": 14.789525032043457,
  "training_time_s": 11.87440276145935,
  "early_stopped_by_budget": false,
  "score_formula": "score = sum_d(x - x_hat)^2 + beta * 0.5 * sum_k(exp(logvar) + mu^2 - 1 - logvar); higher => more anomalous",
  "z_mean_used_for_scoring": true,
  "logvar_clip": [
    -10.0,
    10.0
  ],
  "tf_version": "2.21.0",
  "keras_version": "3.14.0",
  "random_state": 42,
  "val_score_median": 4.715663433074951,
  "val_score_p90": 20.747426986694336,
  "val_score_p95": 29.204437255859375,
  "val_score_p99": 67.221435546875,
  "val_recon_mean": 10.98456859588623,
  "val_recon_p95": 21.273826599121094,
  "val_kl_mean": 3.804957389831543,
  "val_kl_p95": 10.598962783813477,
  "recon_to_kl_ratio": 2.886909752325124,
  "test_score_median": 79.54512786865234,
  "test_recon_mean": 1019.2825927734375,
  "test_kl_mean": 48.54232406616211,
  "latent_z_mean_per_dim": [
    -0.45680737495422363,
    0.04312888905405998,
    3.0503451824188232,
    0.9216650128364563,
    0.09475366771221161,
    -0.09974012523889542,
    0.03267252445220947,
    -1.3970197439193726
  ],
  "latent_z_std_per_dim": [
    4.864652156829834,
    3.9775662422180176,
    2.766815423965454,
    3.878889560699463,
    0.12765993177890778,
    0.1288398951292038,
    0.09128333628177643,
    2.978853464126587
  ],
  "latent_z_mean_overall": 0.2736247777938843,
  "latent_z_std_overall": 2.3518199920654297,
  "latent_geom_strict_pass": false,
  "latent_geom_strict_threshold_mean": 0.5,
  "latent_geom_strict_threshold_std": 0.5,
  "latent_geom_per_dim_mean_pass": [
    true,
    true,
    false,
    false,
    true,
    true,
    true,
    false
  ],
  "latent_geom_per_dim_std_pass": [
    false,
    false,
    false,
    false,
    false,
    false,
    false,
    false
  ]
}