{
  "loss": [
    43.691768646240234,
    26.755279541015625,
    22.75678825378418,
    20.792634963989258,
    19.205215454101562,
    18.210102081298828,
    17.678709030151367,
    17.110458374023438,
    16.766450881958008,
    16.30257225036621,
    15.943767547607422,
    15.532310485839844,
    15.308531761169434,
    14.976580619812012,
    14.715909004211426,
    14.375386238098145,
    14.177777290344238,
    13.853675842285156,
    13.659472465515137,
    13.468008041381836,
    13.222404479980469,
    12.944343566894531,
    12.551081657409668,
    12.339962005615234,
    12.230743408203125,
    12.020732879638672,
    11.768563270568848,
    11.736356735229492,
    11.578377723693848,
    11.603682518005371,
    11.413618087768555
  ],
  "val_loss": [
    29.0902156829834,
    22.92536163330078,
    20.260913848876953,
    18.565673828125,
    17.276058197021484,
    16.618633270263672,
    16.184001922607422,
    15.846480369567871,
    15.335278511047363,
    14.873493194580078,
    14.376272201538086,
    13.90021800994873,
    13.520421028137207,
    13.173219680786133,
    12.674904823303223,
    12.334823608398438,
    11.717206001281738,
    11.302240371704102,
    10.884766578674316,
    10.659972190856934,
    10.494260787963867,
    10.773088455200195,
    10.830974578857422,
    10.6536283493042,
    10.875843048095703,
    11.1348876953125,
    11.243188858032227,
    11.665460586547852,
    12.090971946716309,
    11.918801307678223,
    12.425539016723633
  ],
  "learning_rate": [
    0.0010000000474974513,
    0.0010000000474974513,
    0.0010000000474974513,
    0.0010000000474974513,
    0.0010000000474974513,
    0.0010000000474974513,
    0.0010000000474974513,
    0.0010000000474974513,
    0.0010000000474974513,
    0.0010000000474974513,
    0.0010000000474974513,
    0.0010000000474974513,
    0.0010000000474974513,
    0.0010000000474974513,
    0.0010000000474974513,
    0.0010000000474974513,
    0.0010000000474974513,
    0.0010000000474974513,
    0.0010000000474974513,
    0.0010000000474974513,
    0.0010000000474974513,
    0.0010000000474974513,
    0.0010000000474974513,
    0.0010000000474974513,
    0.0010000000474974513,
    0.0010000000474974513,
    0.0005000000237487257,
    0.0005000000237487257,
    0.0005000000237487257,
    0.0005000000237487257,
    0.0005000000237487257
  ]
}