{
  "beta": 0.1,
  "latent_dim": 8,
  "input_dim": 44,
  "epochs_max": 100,
  "epochs_actual": 31,
  "batch_size": 512,
  "learning_rate": 0.001,
  "patience": 10,
  "best_val_loss": 10.494260787963867,
  "training_time_s": 8.39531397819519,
  "early_stopped_by_budget": false,
  "score_formula": "score = sum_d(x - x_hat)^2 + beta * 0.5 * sum_k(exp(logvar) + mu^2 - 1 - logvar); higher => more anomalous",
  "z_mean_used_for_scoring": true,
  "logvar_clip": [
    -10.0,
    10.0
  ],
  "tf_version": "2.21.0",
  "keras_version": "3.14.0",
  "random_state": 42,
  "val_score_median": 1.6890888214111328,
  "val_score_p90": 11.094225883483887,
  "val_score_p95": 18.622629165649414,
  "val_score_p99": 49.44581604003906,
  "val_recon_mean": 9.273990631103516,
  "val_recon_p95": 16.399057388305664,
  "val_kl_mean": 12.202690124511719,
  "val_kl_p95": 26.49976921081543,
  "recon_to_kl_ratio": 0.7599955859302464,
  "test_score_median": 77.59280395507812,
  "test_recon_mean": 1410.0281982421875,
  "test_kl_mean": 154.05526733398438,
  "latent_z_mean_per_dim": [
    -2.3798747062683105,
    2.1698901653289795,
    0.6309601664543152,
    -3.2902655601501465,
    3.6879894733428955,
    3.3725814819335938,
    -1.80442214012146,
    0.07625309377908707
  ],
  "latent_z_std_per_dim": [
    4.15869665145874,
    2.396671772003174,
    5.853783130645752,
    5.4561567306518555,
    5.730975151062012,
    5.384784698486328,
    4.238645076751709,
    6.9572553634643555
  ],
  "latent_z_mean_overall": 0.3078889846801758,
  "latent_z_std_overall": 5.022121429443359,
  "latent_geom_strict_pass": false,
  "latent_geom_strict_threshold_mean": 0.5,
  "latent_geom_strict_threshold_std": 0.5,
  "latent_geom_per_dim_mean_pass": [
    false,
    false,
    false,
    false,
    false,
    false,
    false,
    true
  ],
  "latent_geom_per_dim_std_pass": [
    false,
    false,
    false,
    false,
    false,
    false,
    false,
    false
  ]
}