{
  "loss": [
    64.43104553222656,
    37.4409065246582,
    32.066654205322266,
    29.235897064208984,
    27.346158981323242
  ],
  "val_loss": [
    40.23612976074219,
    31.001768112182617,
    27.653324127197266,
    25.390979766845703,
    24.084259033203125
  ],
  "learning_rate": [
    0.0010000000474974513,
    0.0010000000474974513,
    0.0010000000474974513,
    0.0010000000474974513,
    0.0010000000474974513
  ]
}