{
  "loss": [
    0.8440660183855112,
    0.7558703345876512,
    0.6825404435519855,
    0.6256445123199605,
    0.5891649918437498,
    0.5597307689457018,
    0.5367528341123178,
    0.5134134532505051,
    0.501133354372998,
    0.4958009993139639,
    0.47244110122261207,
    0.46643356397686164,
    0.45711937509631717,
    0.4458534752803225,
    0.442046108953191,
    0.4301604243358636,
    0.4256715536488537,
    0.41626493663708697,
    0.4051493034075899,
    0.39711870815744044,
    0.38989878275829726,
    0.392180639122037,
    0.3767560632644353,
    0.36395433681139805,
    0.35072544353136875,
    0.340467668729699,
    0.33617324063639425,
    0.3311021400314149,
    0.3108091424856938,
    0.31273975009987465,
    0.3129303996988352,
    0.3172379230995396,
    0.3086804442756898,
    0.30572256971444334,
    0.3035179385258449,
    0.2983233898692606,
    0.2878252251761583
  ],
  "val_loss": [
    0.8171794414520264,
    0.7629628777503967,
    0.685247004032135,
    0.6440770030021667,
    0.6118720173835754,
    0.5959734916687012,
    0.5662476420402527,
    0.5441588163375854,
    0.555097758769989,
    0.520595133304596,
    0.5109299421310425,
    0.4986797571182251,
    0.48937326669692993,
    0.48224517703056335,
    0.4756779968738556,
    0.469821572303772,
    0.4606325328350067,
    0.4712570011615753,
    0.4477962851524353,
    0.43670547008514404,
    0.43477070331573486,
    0.4154493510723114,
    0.40787816047668457,
    0.3987674415111542,
    0.3881319463253021,
    0.3840824067592621,
    0.3795793354511261,
    0.36105066537857056,
    0.3558136224746704,
    0.35395389795303345,
    0.3477540910243988,
    0.35444411635398865,
    0.35762307047843933,
    0.3595588803291321,
    0.3556227684020996,
    0.34055766463279724,
    0.3309440314769745
  ]
}