{
  "config_id": "c2",
  "enc_units_64": 64,
  "enc_units_32": 32,
  "learning_rate": 0.0005,
  "recurrent_dropout": 0.0,
  "training_path": "gradient_tape_pure_numpy",
  "input_dim": 44,
  "timesteps": 44,
  "channels": 1,
  "latent_dim": 8,
  "epochs_max": 100,
  "epochs_actual": 37,
  "batch_size": 512,
  "patience": 10,
  "best_val_loss": 0.3309440314769745,
  "training_time_s": 3638.252830028534,
  "early_stopped_by_budget": true,
  "loss_convention": "mean-MSE per sample (matches Phase 5 AE: loss=\"mse\")",
  "ae_reference_val_loss": 0.1987786442041397,
  "ae_reference_threshold_1_5x": 0.29816796630620956,
  "val_recon_mean": 0.3309440314769745,
  "val_recon_p90": 0.2989296615123749,
  "val_recon_p95": 0.5872979760169983,
  "val_recon_p99": 1.690842628479004,
  "test_recon_mean": 54.60353088378906,
  "test_recon_std": 682.3162841796875,
  "test_recon_max": 140095.125,
  "test_recon_std_over_mean": 12.495827158720546,
  "test_recon_max_over_mean": 2565.6788623827265,
  "test_recon_unimodal": true,
  "test_recon_finite": true,
  "gate1_descriptive": {
    "g1_1_val_loss_le_1_5x_ae": false,
    "g1_2_grad_norm_le_1e3": true,
    "g1_3_recon_histogram_ok": false
  },
  "max_grad_norm_overall": 25.210391998291016,
  "max_grad_norm_per_epoch": [
    4.082716941833496,
    11.256494522094727,
    7.0567169189453125,
    19.449522018432617,
    9.540717124938965,
    6.998199462890625,
    5.941342830657959,
    5.658605098724365,
    9.9609375,
    12.775020599365234,
    6.2325239181518555,
    12.60515308380127,
    12.92203140258789,
    9.08338451385498,
    7.701258182525635,
    7.386285305023193,
    9.777599334716797,
    9.301355361938477,
    8.100067138671875,
    7.716610431671143,
    7.604008197784424,
    20.98658561706543,
    14.479637145996094,
    9.700105667114258,
    7.389459609985352,
    8.52463436126709,
    9.449125289916992,
    17.210798263549805,
    5.588843822479248,
    8.072321891784668,
    11.775442123413086,
    25.210391998291016,
    18.929588317871094,
    16.127037048339844,
    8.847410202026367,
    6.608656883239746,
    6.548807144165039
  ],
  "tf_version": "2.21.0",
  "keras_version": "3.14.0",
  "random_state": 42
}