{
  "normal": {
    "precision": 0.629365454582828,
    "recall": 0.814156938867764,
    "f1-score": 0.7099332220367279,
    "support": 37607.0
  },
  "anomaly": {
    "precision": 0.9917154544883413,
    "recall": 0.9789027462350569,
    "f1-score": 0.9852674470640884,
    "support": 854661.0
  },
  "accuracy": 0.9719590974908884,
  "macro avg": {
    "precision": 0.8105404545355847,
    "recall": 0.8965298425514104,
    "f1-score": 0.8476003345504082,
    "support": 892268.0
  },
  "weighted avg": {
    "precision": 0.976443253259062,
    "recall": 0.9719590974908884,
    "f1-score": 0.9736627563202715,
    "support": 892268.0
  }
}