{
  "normal": {
    "precision": 0.08563202401341566,
    "recall": 0.8920945568644135,
    "f1-score": 0.15626426448806208,
    "support": 37607.0
  },
  "anomaly": {
    "precision": 0.9918918972920375,
    "recall": 0.580849014989569,
    "f1-score": 0.7326565068907602,
    "support": 854661.0
  },
  "accuracy": 0.5939672833722603,
  "macro avg": {
    "precision": 0.5387619606527266,
    "recall": 0.7364717859269913,
    "f1-score": 0.44446038568941115,
    "support": 892268.0
  },
  "weighted avg": {
    "precision": 0.9536951727043698,
    "recall": 0.5939672833722603,
    "f1-score": 0.7083629279884144,
    "support": 892268.0
  }
}