{
  "loss": [
    82.64629364013672,
    47.18471145629883,
    42.12516403198242,
    38.81723403930664,
    37.27946472167969,
    36.1792106628418,
    35.19123077392578,
    34.3732795715332,
    33.69902038574219,
    33.258033752441406,
    32.721614837646484,
    32.414119720458984,
    32.07659149169922,
    31.840246200561523,
    31.49457359313965,
    30.94064712524414,
    30.265283584594727,
    29.748498916625977,
    29.306638717651367,
    28.95050621032715,
    28.64200210571289,
    28.455402374267578,
    28.394718170166016,
    28.073156356811523,
    27.90036964416504,
    27.664316177368164,
    27.512516021728516,
    27.31593132019043,
    26.947792053222656,
    26.774497985839844,
    26.4709415435791,
    26.418760299682617,
    26.15015983581543,
    26.080707550048828,
    25.854141235351562,
    25.712350845336914,
    25.5693416595459,
    25.569011688232422,
    25.40448760986328,
    25.35331153869629
  ],
  "val_loss": [
    50.64248275756836,
    42.168983459472656,
    39.40837478637695,
    36.175655364990234,
    34.47254180908203,
    33.54062271118164,
    31.96010971069336,
    31.32364845275879,
    30.84400749206543,
    30.449228286743164,
    30.202966690063477,
    29.791812896728516,
    29.457767486572266,
    29.102802276611328,
    28.682069778442383,
    27.716739654541016,
    27.261388778686523,
    26.842586517333984,
    26.24391746520996,
    25.87514305114746,
    25.708301544189453,
    25.34474754333496,
    25.222719192504883,
    24.790767669677734,
    24.646116256713867,
    24.300357818603516,
    23.656442642211914,
    23.443254470825195,
    23.114885330200195,
    22.90130043029785,
    23.26369857788086,
    25.18701171875,
    26.03791618347168,
    25.36054229736328,
    25.373336791992188,
    25.85926055908203,
    25.761014938354492,
    27.037729263305664,
    26.00082778930664,
    26.770984649658203
  ],
  "learning_rate": [
    0.0010000000474974513,
    0.0010000000474974513,
    0.0010000000474974513,
    0.0010000000474974513,
    0.0010000000474974513,
    0.0010000000474974513,
    0.0010000000474974513,
    0.0010000000474974513,
    0.0010000000474974513,
    0.0010000000474974513,
    0.0010000000474974513,
    0.0010000000474974513,
    0.0010000000474974513,
    0.0010000000474974513,
    0.0010000000474974513,
    0.0010000000474974513,
    0.0010000000474974513,
    0.0010000000474974513,
    0.0010000000474974513,
    0.0010000000474974513,
    0.0010000000474974513,
    0.0010000000474974513,
    0.0010000000474974513,
    0.0010000000474974513,
    0.0010000000474974513,
    0.0010000000474974513,
    0.0010000000474974513,
    0.0010000000474974513,
    0.0010000000474974513,
    0.0010000000474974513,
    0.0010000000474974513,
    0.0010000000474974513,
    0.0010000000474974513,
    0.0010000000474974513,
    0.0010000000474974513,
    0.0005000000237487257,
    0.0005000000237487257,
    0.0005000000237487257,
    0.0005000000237487257,
    0.0005000000237487257
  ]
}