{
  "beta": 4.0,
  "latent_dim": 8,
  "input_dim": 44,
  "epochs_max": 100,
  "epochs_actual": 40,
  "batch_size": 512,
  "learning_rate": 0.001,
  "patience": 10,
  "best_val_loss": 22.90130043029785,
  "training_time_s": 10.862298250198364,
  "early_stopped_by_budget": false,
  "score_formula": "score = sum_d(x - x_hat)^2 + beta * 0.5 * sum_k(exp(logvar) + mu^2 - 1 - logvar); higher => more anomalous",
  "z_mean_used_for_scoring": true,
  "logvar_clip": [
    -10.0,
    10.0
  ],
  "tf_version": "2.21.0",
  "keras_version": "3.14.0",
  "random_state": 42,
  "val_score_median": 6.1108293533325195,
  "val_score_p90": 35.88046646118164,
  "val_score_p95": 53.071346282958984,
  "val_score_p99": 117.9278793334961,
  "val_recon_mean": 16.735206604003906,
  "val_recon_p95": 34.39614486694336,
  "val_kl_mean": 1.5415232181549072,
  "val_kl_p95": 5.390634536743164,
  "recon_to_kl_ratio": 10.856279300181251,
  "test_score_median": 361.25335693359375,
  "test_recon_mean": 2232.143310546875,
  "test_kl_mean": 12.839689254760742,
  "latent_z_mean_per_dim": [
    -1.630616545677185,
    -0.007334859576076269,
    -1.1448585987091064,
    0.0014724456705152988,
    0.01613439805805683,
    -0.04226754978299141,
    -1.0493873357772827,
    0.021118121221661568
  ],
  "latent_z_std_per_dim": [
    1.3961009979248047,
    0.011347047984600067,
    1.8517166376113892,
    0.02815091796219349,
    0.029979197308421135,
    0.03311200067400932,
    2.91867733001709,
    0.04965098202228546
  ],
  "latent_z_mean_overall": -0.4794674813747406,
  "latent_z_std_overall": 0.789841890335083,
  "latent_geom_strict_pass": false,
  "latent_geom_strict_threshold_mean": 0.5,
  "latent_geom_strict_threshold_std": 0.5,
  "latent_geom_per_dim_mean_pass": [
    false,
    true,
    false,
    true,
    true,
    true,
    false,
    true
  ],
  "latent_geom_per_dim_std_pass": [
    true,
    false,
    false,
    false,
    false,
    false,
    false,
    false
  ]
}