{
  "loss": [
    0.7324775457382202,
    0.4600515365600586,
    0.4010814428329468,
    0.37037622928619385,
    0.35006457567214966,
    0.33594200015068054,
    0.325203537940979,
    0.31583693623542786,
    0.30725333094596863,
    0.2999439835548401,
    0.2944337725639343,
    0.2862169146537781,
    0.2814067006111145,
    0.27610665559768677,
    0.2711659073829651,
    0.26583418250083923,
    0.2564067244529724,
    0.2527482509613037,
    0.2519935071468353,
    0.25164303183555603,
    0.24654026329517365,
    0.2419450581073761,
    0.23837149143218994,
    0.23943708837032318,
    0.2380739450454712,
    0.2355823665857315,
    0.23543313145637512,
    0.23147468268871307,
    0.23169992864131927,
    0.22536049783229828,
    0.22643107175827026,
    0.22274601459503174,
    0.22629405558109283,
    0.21982525289058685,
    0.22006970643997192,
    0.21929652988910675
  ],
  "val_loss": [
    0.5133296251296997,
    0.41997066140174866,
    0.3690861463546753,
    0.3401852250099182,
    0.31318140029907227,
    0.28876394033432007,
    0.2786102294921875,
    0.26961684226989746,
    0.259099543094635,
    0.2530197203159332,
    0.24351464211940765,
    0.23460692167282104,
    0.22587387263774872,
    0.22435778379440308,
    0.219838485121727,
    0.22108352184295654,
    0.21681718528270721,
    0.2142428159713745,
    0.20916078984737396,
    0.20657362043857574,
    0.2141275852918625,
    0.2049783319234848,
    0.2116209864616394,
    0.20674137771129608,
    0.1988489329814911,
    0.1987786442041397,
    0.1995658129453659,
    0.2112140655517578,
    0.2013120949268341,
    0.20869314670562744,
    0.2116999477148056,
    0.203265979886055,
    0.19912691414356232,
    0.20314736664295197,
    0.2082972675561905,
    0.20683135092258453
  ],
  "learning_rate": [
    0.0010000000474974513,
    0.0010000000474974513,
    0.0010000000474974513,
    0.0010000000474974513,
    0.0010000000474974513,
    0.0010000000474974513,
    0.0010000000474974513,
    0.0010000000474974513,
    0.0010000000474974513,
    0.0010000000474974513,
    0.0010000000474974513,
    0.0010000000474974513,
    0.0010000000474974513,
    0.0010000000474974513,
    0.0010000000474974513,
    0.0010000000474974513,
    0.0010000000474974513,
    0.0010000000474974513,
    0.0010000000474974513,
    0.0010000000474974513,
    0.0010000000474974513,
    0.0010000000474974513,
    0.0010000000474974513,
    0.0010000000474974513,
    0.0010000000474974513,
    0.0010000000474974513,
    0.0010000000474974513,
    0.0010000000474974513,
    0.0010000000474974513,
    0.0010000000474974513,
    0.0005000000237487257,
    0.0005000000237487257,
    0.0005000000237487257,
    0.0005000000237487257,
    0.0005000000237487257,
    0.0002500000118743628
  ]
}