{
  "ae_train_benign": {
    "mean": 0.17936474084854126,
    "std": 6.558648586273193,
    "min": 0.0015277811326086521,
    "max": 1175.657958984375,
    "p50": 0.015135617926716805,
    "p90": 0.21062256395816803,
    "p95": 0.38775715231895447,
    "p99": 1.275418758392334
  },
  "ae_val_benign": {
    "mean": 0.19877859950065613,
    "std": 9.475044250488281,
    "min": 0.0015503709437325597,
    "max": 1176.67236328125,
    "p50": 0.0149800144135952,
    "p90": 0.20127058029174805,
    "p95": 0.37264156341552734,
    "p99": 1.2025282382965088
  }
}