{
  "normal": {
    "precision": 0.5743282641241825,
    "recall": 0.9690749062674502,
    "f1-score": 0.7212206368367933,
    "support": 37607.0
  },
  "anomaly": {
    "precision": 0.9985967884191006,
    "recall": 0.9683956562894528,
    "f1-score": 0.9832643687992806,
    "support": 854661.0
  },
  "accuracy": 0.9684242850802673,
  "macro avg": {
    "precision": 0.7864625262716416,
    "recall": 0.9687352812784515,
    "f1-score": 0.8522425028180369,
    "support": 892268.0
  },
  "weighted avg": {
    "precision": 0.9807148668516354,
    "recall": 0.9684242850802673,
    "f1-score": 0.9722198411148705,
    "support": 892268.0
  }
}