{
  "normal": {
    "precision": 0.08529177024395948,
    "recall": 0.8922806924242828,
    "f1-score": 0.1557003756092921,
    "support": 37607.0
  },
  "anomaly": {
    "precision": 0.9918791922091564,
    "recall": 0.5789324656208719,
    "f1-score": 0.7311265656596254,
    "support": 854661.0
  },
  "accuracy": 0.592139357233477,
  "macro avg": {
    "precision": 0.5385854812265579,
    "recall": 0.7356065790225773,
    "f1-score": 0.44341347063445874,
    "support": 892268.0
  },
  "weighted avg": {
    "precision": 0.9536686622138577,
    "recall": 0.592139357233477,
    "f1-score": 0.7068737035943906,
    "support": 892268.0
  }
}