{
  "experiment": "E1",
  "model": "RF",
  "data": "Original",
  "feature_set": "reduced",
  "n_features": 28,
  "task": "binary",
  "n_classes": 2,
  "training_time_sec": 86.81,
  "prediction_time_sec": 1.65,
  "val_accuracy": 0.9984396732726774,
  "val_f1_macro": 0.9906164153440257,
  "val_f1_weighted": 0.9984529282556266,
  "val_mcc": 0.9814030076386174,
  "val_precision_macro": 0.9824339974479658,
  "val_precision_weighted": 0.9984940023072821,
  "val_recall_macro": 0.9991106910463994,
  "val_recall_weighted": 0.9984396732726774,
  "test_accuracy": 0.997338243666701,
  "test_f1_macro": 0.9837300690332671,
  "test_f1_weighted": 0.9973554368439118,
  "test_mcc": 0.9675569381394921,
  "test_precision_macro": 0.9775684966821283,
  "test_precision_weighted": 0.9973882628304255,
  "test_recall_macro": 0.9900691916687427,
  "test_recall_weighted": 0.997338243666701
}