{
  "experiment": "E1",
  "model": "RF",
  "data": "Original",
  "feature_set": "reduced",
  "n_features": 28,
  "task": "category",
  "n_classes": 6,
  "training_time_sec": 154.07,
  "prediction_time_sec": 3.92,
  "val_accuracy": 0.9976379156072539,
  "val_f1_macro": 0.9605737224722256,
  "val_f1_weighted": 0.9977659310301349,
  "val_mcc": 0.9958123355126179,
  "val_precision_macro": 0.9454580598424642,
  "val_precision_weighted": 0.9980633627427377,
  "val_recall_macro": 0.9831874097594016,
  "val_recall_weighted": 0.9976379156072539,
  "test_accuracy": 0.9952525474409034,
  "test_f1_macro": 0.9074841543633512,
  "test_f1_weighted": 0.9959495069960445,
  "test_mcc": 0.9921130219233572,
  "test_precision_macro": 0.887481951410249,
  "test_precision_weighted": 0.9971735936009244,
  "test_recall_macro": 0.9687697130157779,
  "test_recall_weighted": 0.9952525474409034
}