{
  "experiment": "E1",
  "model": "RF",
  "data": "Original",
  "feature_set": "reduced",
  "n_features": 28,
  "task": "multiclass",
  "n_classes": 19,
  "training_time_sec": 172.41,
  "prediction_time_sec": 7.43,
  "val_accuracy": 0.995477378030954,
  "val_f1_macro": 0.9249139729709536,
  "val_f1_weighted": 0.9956886526382202,
  "val_mcc": 0.9944760487978003,
  "val_precision_macro": 0.9015542743533018,
  "val_precision_weighted": 0.9961255724527818,
  "val_recall_macro": 0.9630784586650961,
  "val_recall_weighted": 0.995477378030954,
  "test_accuracy": 0.9843455105416758,
  "test_f1_macro": 0.8469353688595,
  "test_f1_weighted": 0.983501720982907,
  "test_mcc": 0.9800701193529676,
  "test_precision_macro": 0.8672014053633958,
  "test_precision_weighted": 0.9893824816710797,
  "test_recall_macro": 0.8809969551280761,
  "test_recall_weighted": 0.9843455105416758,
  "report_path": "E1_classification_report_test.json"
}