{
  "experiment": "E2",
  "model": "RF",
  "data": "SMOTE",
  "feature_set": "reduced",
  "n_features": 28,
  "task": "binary",
  "n_classes": 2,
  "training_time_sec": 125.56,
  "prediction_time_sec": 2.02,
  "val_accuracy": 0.9987818599005998,
  "val_f1_macro": 0.9926297149966675,
  "val_f1_weighted": 0.9987885711361681,
  "val_mcc": 0.9853311809286892,
  "val_precision_macro": 0.987266544357134,
  "val_precision_weighted": 0.9988070109312436,
  "val_recall_macro": 0.9981244594738359,
  "val_recall_weighted": 0.9987818599005998,
  "test_accuracy": 0.9975870478376452,
  "test_f1_macro": 0.9850871003451456,
  "test_f1_weighted": 0.9975894196019164,
  "test_mcc": 0.9701764428130699,
  "test_precision_macro": 0.9841355407130246,
  "test_precision_weighted": 0.9975921534364726,
  "test_recall_macro": 0.9860427767827065,
  "test_recall_weighted": 0.9975870478376452
}