{
  "experiment": "E2",
  "model": "RF",
  "data": "SMOTE",
  "feature_set": "reduced",
  "n_features": 28,
  "task": "category",
  "n_classes": 6,
  "training_time_sec": 177.29,
  "prediction_time_sec": 4.06,
  "val_accuracy": 0.9974618389928861,
  "val_f1_macro": 0.9592466935669521,
  "val_f1_weighted": 0.9975660647649246,
  "val_mcc": 0.9954997323556533,
  "val_precision_macro": 0.9459714506158226,
  "val_precision_weighted": 0.9977863744319593,
  "val_recall_macro": 0.9776560739341043,
  "val_recall_weighted": 0.9974618389928861,
  "test_accuracy": 0.995268237794026,
  "test_f1_macro": 0.9081524698813159,
  "test_f1_weighted": 0.9959024910754202,
  "test_mcc": 0.9921395800037371,
  "test_precision_macro": 0.8878459979635841,
  "test_precision_weighted": 0.9970129795533289,
  "test_recall_macro": 0.9654276510301303,
  "test_recall_weighted": 0.995268237794026
}