{
  "experiment": "E2",
  "model": "RF",
  "data": "SMOTE",
  "feature_set": "reduced",
  "n_features": 28,
  "task": "multiclass",
  "n_classes": 19,
  "training_time_sec": 196.87,
  "prediction_time_sec": 7.74,
  "val_accuracy": 0.9951329766028509,
  "val_f1_macro": 0.9182104072957482,
  "val_f1_weighted": 0.9953935874488048,
  "val_mcc": 0.9940555287372138,
  "val_precision_macro": 0.8942862699434734,
  "val_precision_weighted": 0.9959166833678691,
  "val_recall_macro": 0.9607374732039154,
  "val_recall_weighted": 0.9951329766028509,
  "test_accuracy": 0.9837122927192279,
  "test_f1_macro": 0.835550366843555,
  "test_f1_weighted": 0.9823287761493438,
  "test_mcc": 0.979269567934888,
  "test_precision_macro": 0.8518487193668546,
  "test_precision_weighted": 0.9886966377125082,
  "test_recall_macro": 0.8798105479279105,
  "test_recall_weighted": 0.9837122927192279,
  "report_path": "E2_classification_report_test.json"
}