{
  "experiment": "E3",
  "model": "XGB",
  "data": "Original",
  "feature_set": "reduced",
  "n_features": 28,
  "task": "binary",
  "n_classes": 2,
  "training_time_sec": 10.07,
  "prediction_time_sec": 1.27,
  "val_accuracy": 0.9990210583201183,
  "val_f1_macro": 0.9940360674253511,
  "val_f1_weighted": 0.9990231112873563,
  "val_mcc": 0.9880825430014257,
  "val_precision_macro": 0.9919734602785691,
  "val_precision_weighted": 0.9990268655318864,
  "val_recall_macro": 0.9961177739299961,
  "val_recall_weighted": 0.9990210583201183,
  "test_accuracy": 0.9972788444727368,
  "test_f1_macro": 0.9831182635108932,
  "test_f1_weighted": 0.9972763492100729,
  "test_mcc": 0.9662384696863764,
  "test_precision_macro": 0.9840060765087246,
  "test_precision_weighted": 0.9972741676579229,
  "test_recall_macro": 0.9822340181327462,
  "test_recall_weighted": 0.9972788444727368
}