{
  "experiment": "E3",
  "model": "XGB",
  "data": "Original",
  "feature_set": "reduced",
  "n_features": 28,
  "task": "category",
  "n_classes": 6,
  "training_time_sec": 67.68,
  "prediction_time_sec": 7.33,
  "val_accuracy": 0.9984130956705086,
  "val_f1_macro": 0.9750283968984631,
  "val_f1_weighted": 0.9983999622090457,
  "val_mcc": 0.9971851047297074,
  "val_precision_macro": 0.9804817649808628,
  "val_precision_weighted": 0.9984010034471023,
  "val_recall_macro": 0.9699730030600326,
  "val_recall_weighted": 0.9984130956705086,
  "test_accuracy": 0.9964853609005366,
  "test_f1_macro": 0.9351788329657708,
  "test_f1_weighted": 0.9965376520234577,
  "test_mcc": 0.9941519825806251,
  "test_precision_macro": 0.9285507896486666,
  "test_precision_weighted": 0.9966216291358385,
  "test_recall_macro": 0.9431757217727407,
  "test_recall_weighted": 0.9964853609005366
}