{
  "experiment": "E3",
  "model": "XGB",
  "data": "Original",
  "feature_set": "reduced",
  "n_features": 28,
  "task": "multiclass",
  "n_classes": 19,
  "training_time_sec": 221.1,
  "prediction_time_sec": 19.79,
  "val_accuracy": 0.9972226405733675,
  "val_f1_macro": 0.9472237536805345,
  "val_f1_weighted": 0.9971120276876505,
  "val_mcc": 0.9966067814185563,
  "val_precision_macro": 0.9631565059868983,
  "val_precision_weighted": 0.9971469604744776,
  "val_recall_macro": 0.9344332856458649,
  "val_recall_weighted": 0.9972226405733675,
  "test_accuracy": 0.9925493237457804,
  "test_f1_macro": 0.8986543741357595,
  "test_f1_weighted": 0.9922247787672616,
  "test_mcc": 0.9904822859454757,
  "test_precision_macro": 0.9293774689406357,
  "test_precision_weighted": 0.9929277275743859,
  "test_recall_macro": 0.8834900398230082,
  "test_recall_weighted": 0.9925493237457804,
  "report_path": "E3_classification_report_test.json"
}