{
  "experiment": "E4",
  "model": "XGB",
  "data": "SMOTE",
  "feature_set": "reduced",
  "n_features": 28,
  "task": "binary",
  "n_classes": 2,
  "training_time_sec": 11.43,
  "prediction_time_sec": 1.29,
  "val_accuracy": 0.9987054492943647,
  "val_f1_macro": 0.992052794829447,
  "val_f1_weighted": 0.9987032188621977,
  "val_mcc": 0.9841125785149947,
  "val_precision_macro": 0.9937547878366924,
  "val_precision_weighted": 0.9987021307953272,
  "val_recall_macro": 0.9903636334518706,
  "val_recall_weighted": 0.9987054492943647,
  "test_accuracy": 0.9969997803350563,
  "test_f1_macro": 0.98119747113315,
  "test_f1_weighted": 0.9969817175504666,
  "test_mcc": 0.9624782229514371,
  "test_precision_macro": 0.9870690499711836,
  "test_precision_weighted": 0.9969771036693578,
  "test_recall_macro": 0.9754789540161517,
  "test_recall_weighted": 0.9969997803350563
}