{
  "experiment": "E4",
  "model": "XGB",
  "data": "SMOTE",
  "feature_set": "reduced",
  "n_features": 28,
  "task": "category",
  "n_classes": 6,
  "training_time_sec": 75.91,
  "prediction_time_sec": 7.44,
  "val_accuracy": 0.9979225174304774,
  "val_f1_macro": 0.9683919697275449,
  "val_f1_weighted": 0.9979245513438416,
  "val_mcc": 0.996314352483634,
  "val_precision_macro": 0.9679007242484375,
  "val_precision_weighted": 0.9979277155498109,
  "val_recall_macro": 0.9689027116041666,
  "val_recall_weighted": 0.9979225174304774,
  "test_accuracy": 0.9959093007930353,
  "test_f1_macro": 0.9307250236703434,
  "test_f1_weighted": 0.9959791413009778,
  "test_mcc": 0.9931929674764166,
  "test_precision_macro": 0.9209198141572154,
  "test_precision_weighted": 0.9960824151341491,
  "test_recall_macro": 0.942806060080836,
  "test_recall_weighted": 0.9959093007930353
}