{
  "experiment": "E4",
  "model": "XGB",
  "data": "SMOTE",
  "feature_set": "reduced",
  "n_features": 28,
  "task": "multiclass",
  "n_classes": 19,
  "training_time_sec": 242.68,
  "prediction_time_sec": 20.63,
  "val_accuracy": 0.9954950964323999,
  "val_f1_macro": 0.9287707750270542,
  "val_f1_weighted": 0.9957199834102417,
  "val_mcc": 0.9944998596701616,
  "val_precision_macro": 0.9104173440127835,
  "val_precision_weighted": 0.9963480526199088,
  "val_recall_macro": 0.9595119396698522,
  "val_recall_weighted": 0.9954950964323999,
  "test_accuracy": 0.9859459265601814,
  "test_f1_macro": 0.8537700781047871,
  "test_f1_weighted": 0.9850337046591708,
  "test_mcc": 0.9820989378340451,
  "test_precision_macro": 0.8650293525993579,
  "test_precision_weighted": 0.9899146158699044,
  "test_recall_macro": 0.8850058702958785,
  "test_recall_weighted": 0.9859459265601814,
  "report_path": "E4_classification_report_test.json"
}