{
  "experiment": "E5",
  "model": "RF",
  "data": "Original",
  "feature_set": "full",
  "n_features": 44,
  "task": "binary",
  "n_classes": 2,
  "training_time_sec": 113.96,
  "prediction_time_sec": 1.93,
  "val_accuracy": 0.998487291476563,
  "val_f1_macro": 0.9908971382669579,
  "val_f1_weighted": 0.9984996812640907,
  "val_mcc": 0.9819525313406209,
  "val_precision_macro": 0.9829983181895654,
  "val_precision_weighted": 0.9985379410092446,
  "val_recall_macro": 0.9990859892745089,
  "val_recall_weighted": 0.998487291476563,
  "test_accuracy": 0.9980241362460606,
  "test_f1_macro": 0.9880186185579428,
  "test_f1_weighted": 0.9980446409905266,
  "test_mcc": 0.9762895771868855,
  "test_precision_macro": 0.9781160168297169,
  "test_precision_weighted": 0.9981059009675953,
  "test_recall_macro": 0.998383919892404,
  "test_recall_weighted": 0.9980241362460606
}