{
  "experiment": "E5",
  "model": "RF",
  "data": "Original",
  "feature_set": "full",
  "n_features": 44,
  "task": "category",
  "n_classes": 6,
  "training_time_sec": 205.25,
  "prediction_time_sec": 4.8,
  "val_accuracy": 0.9977818776190012,
  "val_f1_macro": 0.9637213613132056,
  "val_f1_weighted": 0.9978801110288543,
  "val_mcc": 0.9960669139353041,
  "val_precision_macro": 0.9500954612401872,
  "val_precision_weighted": 0.9981070585172441,
  "val_recall_macro": 0.9830199629792334,
  "val_recall_weighted": 0.9977818776190012,
  "test_accuracy": 0.9955652337638468,
  "test_f1_macro": 0.9107230240031322,
  "test_f1_weighted": 0.9961952350285592,
  "test_mcc": 0.9926307144567075,
  "test_precision_macro": 0.8906464884956898,
  "test_precision_weighted": 0.9973081437960137,
  "test_recall_macro": 0.9688534646375414,
  "test_recall_weighted": 0.9955652337638468
}