{
  "experiment": "E5",
  "model": "RF",
  "data": "Original",
  "feature_set": "full",
  "n_features": 44,
  "task": "multiclass",
  "n_classes": 19,
  "training_time_sec": 222.52,
  "prediction_time_sec": 8.29,
  "val_accuracy": 0.995608051241617,
  "val_f1_macro": 0.9287507342004045,
  "val_f1_weighted": 0.9957547661998405,
  "val_mcc": 0.9946348778903823,
  "val_precision_macro": 0.9087729625676331,
  "val_precision_weighted": 0.9960488962930277,
  "val_recall_macro": 0.9569989773588077,
  "val_recall_weighted": 0.995608051241617,
  "test_accuracy": 0.9851647711225775,
  "test_f1_macro": 0.855086966892303,
  "test_f1_weighted": 0.9843531269567689,
  "test_mcc": 0.9811086946757509,
  "test_precision_macro": 0.8770282443675397,
  "test_precision_weighted": 0.9896883600663431,
  "test_recall_macro": 0.8805894016046597,
  "test_recall_weighted": 0.9851647711225775,
  "report_path": "E5_classification_report_test.json"
}