{
  "experiment": "E5G",
  "model": "RF",
  "data": "Original",
  "feature_set": "full",
  "n_features": 44,
  "task": "multiclass",
  "n_classes": 19,
  "training_time_sec": 190.62,
  "prediction_time_sec": 4.14,
  "val_accuracy": 0.9954164710259841,
  "val_f1_macro": 0.9302381910073063,
  "val_f1_weighted": 0.995581202209962,
  "val_mcc": 0.9944011917711962,
  "val_precision_macro": 0.9088570926610067,
  "val_precision_weighted": 0.9959244550521892,
  "val_recall_macro": 0.9615428712248529,
  "val_recall_weighted": 0.9954164710259841,
  "test_accuracy": 0.984825187051424,
  "test_f1_macro": 0.8504004350982269,
  "test_f1_weighted": 0.9839081356776122,
  "test_mcc": 0.9806801735166383,
  "test_precision_macro": 0.8734602246015589,
  "test_precision_weighted": 0.9896034805300774,
  "test_recall_macro": 0.8785334100650798,
  "test_recall_weighted": 0.984825187051424,
  "report_path": "E5G_classification_report_test.json",
  "criterion": "gini",
  "baseline_for": "E5",
  "generated_by": "scripts/run_e5g_gini_baseline.py",
  "generated_at": "2026-05-02T23:45:17"
}