{
  "experiment": "E6",
  "model": "RF",
  "data": "SMOTE",
  "feature_set": "full",
  "n_features": 44,
  "task": "binary",
  "n_classes": 2,
  "training_time_sec": 136.01,
  "prediction_time_sec": 2.04,
  "val_accuracy": 0.9988361225050276,
  "val_f1_macro": 0.9929510369337254,
  "val_f1_weighted": 0.9988419640465076,
  "val_mcc": 0.9859616433711147,
  "val_precision_macro": 0.9880568112352643,
  "val_precision_weighted": 0.9988575428759423,
  "val_recall_macro": 0.9979545105305707,
  "val_recall_weighted": 0.9988361225050276,
  "test_accuracy": 0.9978123164789054,
  "test_f1_macro": 0.9865106454694081,
  "test_f1_weighted": 0.9978169937042827,
  "test_mcc": 0.9730319321272137,
  "test_precision_macro": 0.9844400693709086,
  "test_precision_weighted": 0.9978233893385918,
  "test_recall_macro": 0.9886007582778592,
  "test_recall_weighted": 0.9978123164789054
}