{
  "experiment": "E6",
  "model": "RF",
  "data": "SMOTE",
  "feature_set": "full",
  "n_features": 44,
  "task": "category",
  "n_classes": 6,
  "training_time_sec": 229.98,
  "prediction_time_sec": 4.78,
  "val_accuracy": 0.9976811042107782,
  "val_f1_macro": 0.9628562896722664,
  "val_f1_weighted": 0.997755664238126,
  "val_mcc": 0.9958876325175228,
  "val_precision_macro": 0.9515735566258176,
  "val_precision_weighted": 0.9979108023838041,
  "val_recall_macro": 0.9776830359545768,
  "val_recall_weighted": 0.9976811042107782,
  "test_accuracy": 0.9957725705729669,
  "test_f1_macro": 0.9134357473653965,
  "test_f1_weighted": 0.9963027679616526,
  "test_mcc": 0.9929742614112024,
  "test_precision_macro": 0.8933999110849116,
  "test_precision_weighted": 0.9972444764087426,
  "test_recall_macro": 0.9657153374249465,
  "test_recall_weighted": 0.9957725705729669
}