{
  "experiment": "E6",
  "model": "RF",
  "data": "SMOTE",
  "feature_set": "full",
  "n_features": 44,
  "task": "multiclass",
  "n_classes": 19,
  "training_time_sec": 250.27,
  "prediction_time_sec": 8.4,
  "val_accuracy": 0.9952470388121584,
  "val_f1_macro": 0.9221534384856143,
  "val_f1_weighted": 0.9954289037844049,
  "val_mcc": 0.9941942449572125,
  "val_precision_macro": 0.900893776683475,
  "val_precision_weighted": 0.9958031060186813,
  "val_recall_macro": 0.9559416068947,
  "val_recall_weighted": 0.9952470388121584,
  "test_accuracy": 0.9841180004213981,
  "test_f1_macro": 0.8380315464451584,
  "test_f1_weighted": 0.9830683694279813,
  "test_mcc": 0.9797828360279282,
  "test_precision_macro": 0.8553127901089382,
  "test_precision_weighted": 0.9892073562318885,
  "test_recall_macro": 0.877261758922074,
  "test_recall_weighted": 0.9841180004213981,
  "report_path": "E6_classification_report_test.json"
}