{
  "experiment": "E7",
  "model": "XGB",
  "data": "Original",
  "feature_set": "full",
  "n_features": 44,
  "task": "binary",
  "n_classes": 2,
  "training_time_sec": 13.53,
  "prediction_time_sec": 1.34,
  "val_accuracy": 0.9990188435199376,
  "val_f1_macro": 0.9940210992264495,
  "val_f1_weighted": 0.9990207806207438,
  "val_mcc": 0.9880514224074983,
  "val_precision_macro": 0.9920788323393954,
  "val_precision_weighted": 0.9990242254335037,
  "val_recall_macro": 0.9959802927715384,
  "val_recall_weighted": 0.9990188435199376,
  "test_accuracy": 0.9970233158647402,
  "test_f1_macro": 0.9814782587755551,
  "test_f1_weighted": 0.9970161654769817,
  "test_mcc": 0.9629697996972042,
  "test_precision_macro": 0.9838036661962684,
  "test_precision_weighted": 0.99701115995423,
  "test_recall_macro": 0.9791772468465981,
  "test_recall_weighted": 0.9970233158647402
}