{
  "experiment": "E7",
  "model": "XGB",
  "data": "Original",
  "feature_set": "full",
  "n_features": 44,
  "task": "category",
  "n_classes": 6,
  "training_time_sec": 82.96,
  "prediction_time_sec": 7.46,
  "val_accuracy": 0.9984706804752075,
  "val_f1_macro": 0.9763646867300168,
  "val_f1_weighted": 0.9984580432116993,
  "val_mcc": 0.9972872230995091,
  "val_precision_macro": 0.9819395354815278,
  "val_precision_weighted": 0.9984594748205932,
  "val_recall_macro": 0.9711941657711205,
  "val_recall_weighted": 0.9984706804752075,
  "test_accuracy": 0.995485661258725,
  "test_f1_macro": 0.93633217892999,
  "test_f1_weighted": 0.9954735640783391,
  "test_mcc": 0.9924870210749713,
  "test_precision_macro": 0.9401393267874022,
  "test_precision_weighted": 0.9954710894720822,
  "test_recall_macro": 0.9328911377051142,
  "test_recall_weighted": 0.995485661258725
}