{
  "experiment": "E7",
  "model": "XGB",
  "data": "Original",
  "feature_set": "full",
  "n_features": 44,
  "task": "multiclass",
  "n_classes": 19,
  "training_time_sec": 267.49,
  "prediction_time_sec": 20.3,
  "val_accuracy": 0.9971739149693915,
  "val_f1_macro": 0.9460520608803128,
  "val_f1_weighted": 0.9970590856779391,
  "val_mcc": 0.996547264752927,
  "val_precision_macro": 0.9621364287690262,
  "val_precision_weighted": 0.9970920901687749,
  "val_recall_macro": 0.9331991772642485,
  "val_recall_weighted": 0.9971739149693915,
  "test_accuracy": 0.9926557939991124,
  "test_f1_macro": 0.907626622882394,
  "test_f1_weighted": 0.9923273509891104,
  "test_mcc": 0.9906169668153739,
  "test_precision_macro": 0.9421339151070364,
  "test_precision_weighted": 0.9928179721220626,
  "test_recall_macro": 0.8876352253197468,
  "test_recall_weighted": 0.9926557939991124,
  "report_path": "E7_classification_report_test.json"
}