{
  "experiment": "E8",
  "model": "XGB",
  "data": "SMOTE",
  "feature_set": "full",
  "n_features": 44,
  "task": "binary",
  "n_classes": 2,
  "training_time_sec": 14.68,
  "prediction_time_sec": 1.35,
  "val_accuracy": 0.9987718932997864,
  "val_f1_macro": 0.9924646294215295,
  "val_f1_weighted": 0.9987700992056576,
  "val_mcc": 0.9849342876045828,
  "val_precision_macro": 0.993908105369466,
  "val_precision_weighted": 0.9987691270886,
  "val_recall_macro": 0.9910303861957634,
  "val_recall_weighted": 0.9987718932997864,
  "test_accuracy": 0.9968585671569529,
  "test_f1_macro": 0.9802901432254276,
  "test_f1_weighted": 0.9968378484499338,
  "test_mcc": 0.960680036667946,
  "test_precision_macro": 0.9867183933569987,
  "test_precision_weighted": 0.9968332383868457,
  "test_recall_macro": 0.9740452310045492,
  "test_recall_weighted": 0.9968585671569529
}