{
  "experiment": "E8",
  "model": "XGB",
  "data": "SMOTE",
  "feature_set": "full",
  "n_features": 44,
  "task": "category",
  "n_classes": 6,
  "training_time_sec": 90.03,
  "prediction_time_sec": 7.57,
  "val_accuracy": 0.9979690282342727,
  "val_f1_macro": 0.9689294078969176,
  "val_f1_weighted": 0.997967615178083,
  "val_mcc": 0.9963968151009668,
  "val_precision_macro": 0.9693587300887426,
  "val_precision_weighted": 0.9979668955988775,
  "val_recall_macro": 0.9685046967631274,
  "val_recall_weighted": 0.9979690282342727,
  "test_accuracy": 0.9961166376021554,
  "test_f1_macro": 0.9204255959381276,
  "test_f1_weighted": 0.9962736511276987,
  "test_mcc": 0.9935380625423237,
  "test_precision_macro": 0.9077887410281541,
  "test_precision_weighted": 0.9965046942673622,
  "test_recall_macro": 0.93909460513766,
  "test_recall_weighted": 0.9961166376021554
}