{
  "experiment": "E8",
  "model": "XGB",
  "data": "SMOTE",
  "feature_set": "full",
  "n_features": 44,
  "task": "multiclass",
  "n_classes": 19,
  "training_time_sec": 293.12,
  "prediction_time_sec": 21.08,
  "val_accuracy": 0.9955261036349301,
  "val_f1_macro": 0.9300162426693719,
  "val_f1_weighted": 0.9957485047724305,
  "val_mcc": 0.9945378381200742,
  "val_precision_macro": 0.912853645004805,
  "val_precision_weighted": 0.9963756720945959,
  "val_recall_macro": 0.9574911674188433,
  "val_recall_weighted": 0.9955261036349301,
  "test_accuracy": 0.9879083414400158,
  "test_f1_macro": 0.8708397495269624,
  "test_f1_weighted": 0.9876971600157203,
  "test_mcc": 0.9845807332148683,
  "test_precision_macro": 0.8744314847958782,
  "test_precision_weighted": 0.990709746804543,
  "test_recall_macro": 0.8928865943097343,
  "test_recall_weighted": 0.9879083414400158,
  "report_path": "E8_classification_report_test.json"
}