{
  "loss": [
    0.8192248168822641,
    0.7172829701692731,
    0.6261000024827189,
    0.5596891467254687,
    0.5112452121196446,
    0.4878463918242712,
    0.46143851271556124,
    0.44287207549538354,
    0.4408143875015227,
    0.43062525282756914,
    0.4102727866024397,
    0.40190571280683224,
    0.3921657653517743,
    0.37377305668913974,
    0.36143971608634806,
    0.3437646585381377,
    0.3572492533328622,
    0.3379535064781355,
    0.3181934876993484,
    0.3162332686645856,
    0.30167655136699006,
    0.31559973145174286,
    0.33167547714042467,
    0.318983448089653,
    0.30876319419546244,
    0.2917665821882699,
    0.2694517286548476,
    0.2569320545960759,
    0.2614304666017101,
    0.2697370651475621,
    0.25913971430656824,
    0.25303263408885457,
    0.24184110785421,
    0.2472894720083945,
    0.24523145659088594,
    0.2270988958937993,
    0.2201292867544281,
    0.219306202381231
  ],
  "val_loss": [
    0.7922155261039734,
    0.7096061110496521,
    0.6326297521591187,
    0.5769273638725281,
    0.5328494906425476,
    0.5140779614448547,
    0.4845336675643921,
    0.4869135320186615,
    0.4998284876346588,
    0.45685917139053345,
    0.4433897137641907,
    0.4916791319847107,
    0.4166758060455322,
    0.42283889651298523,
    0.3859143853187561,
    0.388944149017334,
    0.39439526200294495,
    0.3722724914550781,
    0.3624761402606964,
    0.351442813873291,
    0.33358871936798096,
    0.3599644899368286,
    0.3657136857509613,
    0.36837637424468994,
    0.3498678505420685,
    0.3340189754962921,
    0.3155355751514435,
    0.30911099910736084,
    0.31416288018226624,
    0.31383728981018066,
    0.30971941351890564,
    0.298138827085495,
    0.32583650946617126,
    0.3114530146121979,
    0.2931500971317291,
    0.2790142297744751,
    0.26941654086112976,
    0.26836857199668884
  ]
}