{
  "config_id": "c1",
  "enc_units_64": 64,
  "enc_units_32": 32,
  "learning_rate": 0.001,
  "recurrent_dropout": 0.0,
  "training_path": "gradient_tape_pure_numpy",
  "input_dim": 44,
  "timesteps": 44,
  "channels": 1,
  "latent_dim": 8,
  "epochs_max": 100,
  "epochs_actual": 38,
  "batch_size": 512,
  "patience": 10,
  "best_val_loss": 0.26836857199668884,
  "training_time_s": 3634.928384065628,
  "early_stopped_by_budget": true,
  "loss_convention": "mean-MSE per sample (matches Phase 5 AE: loss=\"mse\")",
  "ae_reference_val_loss": 0.1987786442041397,
  "ae_reference_threshold_1_5x": 0.29816796630620956,
  "val_recon_mean": 0.26836857199668884,
  "val_recon_p90": 0.19205419719219208,
  "val_recon_p95": 0.35629451274871826,
  "val_recon_p99": 1.312574028968811,
  "test_recon_mean": 49.50114059448242,
  "test_recon_std": 676.2783203125,
  "test_recon_max": 140206.390625,
  "test_recon_std_over_mean": 13.661873487979395,
  "test_recon_max_over_mean": 2832.38707110979,
  "test_recon_unimodal": true,
  "test_recon_finite": true,
  "gate1_descriptive": {
    "g1_1_val_loss_le_1_5x_ae": true,
    "g1_2_grad_norm_le_1e3": true,
    "g1_3_recon_histogram_ok": false
  },
  "max_grad_norm_overall": 29.885921478271484,
  "max_grad_norm_per_epoch": [
    3.316040515899658,
    5.88107442855835,
    6.346117973327637,
    6.924376487731934,
    6.167315483093262,
    20.868051528930664,
    7.7655720710754395,
    5.5801262855529785,
    8.341075897216797,
    6.038912773132324,
    4.440043926239014,
    11.71185302734375,
    11.466029167175293,
    9.004782676696777,
    4.704629898071289,
    4.800293445587158,
    27.409177780151367,
    7.02218770980835,
    5.734094142913818,
    8.623985290527344,
    5.356293678283691,
    29.885921478271484,
    12.04287338256836,
    10.812090873718262,
    9.40457534790039,
    5.2101359367370605,
    9.095683097839355,
    4.419742584228516,
    23.121553421020508,
    29.28689956665039,
    7.081631183624268,
    10.579830169677734,
    18.470611572265625,
    14.0977783203125,
    16.113121032714844,
    7.166877746582031,
    6.145089626312256,
    7.81195068359375
  ],
  "tf_version": "2.21.0",
  "keras_version": "3.14.0",
  "random_state": 42
}