{
  "n_rows": 100,
  "mean_mse": 0.2553500235080719,
  "max_mse": 1.135642409324646,
  "min_mse": 0.012556057423353195
}
