{
  "IAT": {
    "p0.1": -3954.819091796875,
    "p1.0": -3954.819091796875,
    "p50.0": 0.0,
    "p99.0": 3958.2080078125,
    "p99.9": 3958.38427734375
  },
  "Rate": {
    "p0.1": -0.09839224070310593,
    "p1.0": -0.09838049858808517,
    "p50.0": 0.0002138478375854902,
    "p99.0": 11.061659145355234,
    "p99.9": 21.18771573448211
  },
  "Header_Length": {
    "p0.1": -0.42732346057891846,
    "p1.0": -0.42732346057891846,
    "p50.0": -0.0003252349852118641,
    "p99.0": 17.686570758819627,
    "p99.9": 223.64082389832453
  },
  "Tot sum": {
    "p0.1": -4.884319305419922,
    "p1.0": -3.470437526702881,
    "p50.0": 0.0,
    "p99.0": 110.72630493164084,
    "p99.9": 484.8329772949219
  },
  "Min": {
    "p0.1": -2.0,
    "p1.0": -2.0,
    "p50.0": 0.0,
    "p99.0": 38.8025016784668,
    "p99.9": 366.0
  },
  "Max": {
    "p0.1": -1.7951805591583252,
    "p1.0": -1.7951805591583252,
    "p50.0": 0.003012117464095354,
    "p99.0": 163.25619735717822,
    "p99.9": 219.89158630371094
  },
  "Covariance": {
    "p0.1": 0.0,
    "p1.0": 0.0,
    "p50.0": 0.0,
    "p99.0": 26562.649843750034,
    "p99.9": 61983.07567968825
  },
  "Variance": {
    "p0.1": 0.0,
    "p1.0": 0.0,
    "p50.0": 0.0,
    "p99.0": 6.666666507720947,
    "p99.9": 6.666666507720947
  },
  "Duration": {
    "p0.1": -25.599998474121094,
    "p1.0": -12.799999237060547,
    "p50.0": 0.0,
    "p99.0": 28.650001525878906,
    "p99.9": 184.0
  },
  "ack_count": {
    "p0.1": 0.0,
    "p1.0": 0.0,
    "p50.0": 0.0,
    "p99.0": 1.3200000524520874,
    "p99.9": 1.8600000143051147
  },
  "syn_count": {
    "p0.1": 0.0,
    "p1.0": 0.0,
    "p50.0": 0.0,
    "p99.0": 2.3483145236968994,
    "p99.9": 3.4269661903381348
  },
  "fin_count": {
    "p0.1": 0.0,
    "p1.0": 0.0,
    "p50.0": 0.0,
    "p99.0": 1.0,
    "p99.9": 12.149999618530273
  },
  "rst_count": {
    "p0.1": 0.0,
    "p1.0": 0.0,
    "p50.0": 0.0,
    "p99.0": 8856.597714843776,
    "p99.9": 16690.871117187857
  },
  "Srate": {
    "p0.1": -0.09839224070310593,
    "p1.0": -0.09838049858808517,
    "p50.0": 0.0002138478375854902,
    "p99.0": 11.061659145355234,
    "p99.9": 21.18771573448211
  },
  "AVG": {
    "p0.1": -1.7010712623596191,
    "p1.0": -1.7010712623596191,
    "p50.0": 0.00022640339739155024,
    "p99.0": 104.98417732238792,
    "p99.9": 304.8379821777344
  },
  "Std": {
    "p0.1": 0.0,
    "p1.0": 0.0,
    "p50.0": 0.0,
    "p99.0": 334.9603036499029,
    "p99.9": 615.6383109130877
  },
  "Tot size": {
    "p0.1": -1.7213114500045776,
    "p1.0": -1.7213114500045776,
    "p50.0": 0.0,
    "p99.0": 102.38264709472702,
    "p99.9": 299.91796875
  },
  "Number": {
    "p0.1": -4.0,
    "p1.0": -4.0,
    "p50.0": 0.0,
    "p99.0": 4.0,
    "p99.9": 4.0
  },
  "Magnitue": {
    "p0.1": -1.8166024684906006,
    "p1.0": -1.8166024684906006,
    "p50.0": 0.0001141368702519685,
    "p99.0": 43.626809425354054,
    "p99.9": 96.19825744628906
  },
  "Radius": {
    "p0.1": 0.0,
    "p1.0": 0.0,
    "p50.0": 0.0,
    "p99.0": 340.6542700195339,
    "p99.9": 626.1493125000077
  },
  "Weight": {
    "p0.1": -103.05000305175781,
    "p1.0": -103.05000305175781,
    "p50.0": 0.0,
    "p99.0": 103.05000305175781,
    "p99.9": 103.05000305175781
  },
  "fin_flag_number": {
    "p0.1": -0.1887603998184204,
    "p1.0": -0.1887603998184204,
    "p50.0": -0.1887603998184204,
    "p99.0": 5.4346394538879395,
    "p99.9": 9.41788101196289
  },
  "syn_flag_number": {
    "p0.1": -0.5259547829627991,
    "p1.0": -0.5259547829627991,
    "p50.0": -0.5259547829627991,
    "p99.0": 2.3778536319732666,
    "p99.9": 2.3778536319732666
  },
  "rst_flag_number": {
    "p0.1": -0.3626043498516083,
    "p1.0": -0.3626043498516083,
    "p50.0": -0.3626043498516083,
    "p99.0": 4.793306827545166,
    "p99.9": 5.849337100982666
  },
  "psh_flag_number": {
    "p0.1": -0.29514986276626587,
    "p1.0": -0.29514986276626587,
    "p50.0": -0.29514986276626587,
    "p99.0": 4.106808662414551,
    "p99.9": 7.345986366271973
  },
  "ack_flag_number": {
    "p0.1": -0.4898352026939392,
    "p1.0": -0.4898352026939392,
    "p50.0": -0.4898352026939392,
    "p99.0": 2.8482725620269775,
    "p99.9": 2.8482725620269775
  },
  "ece_flag_number": {
    "p0.1": -0.006675721611827612,
    "p1.0": -0.006675721611827612,
    "p50.0": -0.006675721611827612,
    "p99.0": -0.006675721611827612,
    "p99.9": -0.006675721611827612
  },
  "cwr_flag_number": {
    "p0.1": -0.006048023700714111,
    "p1.0": -0.006048023700714111,
    "p50.0": -0.006048023700714111,
    "p99.0": -0.006048023700714111,
    "p99.9": -0.006048023700714111
  },
  "HTTP": {
    "p0.1": 0.0,
    "p1.0": 0.0,
    "p50.0": 0.0,
    "p99.0": 0.0,
    "p99.9": 0.30000001192092896
  },
  "HTTPS": {
    "p0.1": 0.0,
    "p1.0": 0.0,
    "p50.0": 0.0,
    "p99.0": 0.25999999046325684,
    "p99.9": 1.0
  },
  "DNS": {
    "p0.1": 0.0,
    "p1.0": 0.0,
    "p50.0": 0.0,
    "p99.0": 0.0,
    "p99.9": 0.10000000149011612
  },
  "TCP": {
    "p0.1": 0.0,
    "p1.0": 0.0,
    "p50.0": 0.0,
    "p99.0": 1.0,
    "p99.9": 1.0
  },
  "DHCP": {
    "p0.1": 0.0,
    "p1.0": 0.0,
    "p50.0": 0.0,
    "p99.0": 0.0,
    "p99.9": 0.0
  },
  "ARP": {
    "p0.1": 0.0,
    "p1.0": 0.0,
    "p50.0": 0.0,
    "p99.0": 0.0,
    "p99.9": 0.4000000059604645
  },
  "ICMP": {
    "p0.1": 0.0,
    "p1.0": 0.0,
    "p50.0": 0.0,
    "p99.0": 1.0,
    "p99.9": 1.0
  },
  "Protocol Type": {
    "p0.1": 0.0582352951169014,
    "p1.0": 0.05882352963089943,
    "p50.0": 0.4176470637321472,
    "p99.0": 1.0,
    "p99.9": 1.0
  },
  "UDP": {
    "p0.1": 0.0,
    "p1.0": 0.0,
    "p50.0": 0.10000000149011612,
    "p99.0": 1.0,
    "p99.9": 1.0
  },
  "IPv": {
    "p0.1": 0.6000000238418579,
    "p1.0": 1.0,
    "p50.0": 1.0,
    "p99.0": 1.0,
    "p99.9": 1.0
  },
  "LLC": {
    "p0.1": 0.6000000238418579,
    "p1.0": 1.0,
    "p50.0": 1.0,
    "p99.0": 1.0,
    "p99.9": 1.0
  },
  "Telnet": {
    "p0.1": 0.0,
    "p1.0": 0.0,
    "p50.0": 0.0,
    "p99.0": 0.0,
    "p99.9": 0.0
  },
  "SMTP": {
    "p0.1": 0.0,
    "p1.0": 0.0,
    "p50.0": 0.0,
    "p99.0": 0.0,
    "p99.9": 0.0
  },
  "SSH": {
    "p0.1": 0.0,
    "p1.0": 0.0,
    "p50.0": 0.0,
    "p99.0": 0.0,
    "p99.9": 0.0
  },
  "IRC": {
    "p0.1": 0.0,
    "p1.0": 0.0,
    "p50.0": 0.0,
    "p99.0": 0.0,
    "p99.9": 0.0
  },
  "IGMP": {
    "p0.1": 0.0,
    "p1.0": 0.0,
    "p50.0": 0.0,
    "p99.0": 0.0,
    "p99.9": 0.0
  }
}
