{
  "beta": 0.1,
  "thresholds": {
    "p90": 11.094225883483887,
    "p95": 18.622629165649414,
    "p99": 49.44581604003906
  },
  "n_benign_val_used": 30838
}