{
  "mean": [
    4.7203049659729,
    -0.087767094373703,
    14.597521781921387,
    30.870811462402344,
    21.87140464782715,
    42.41783142089844,
    3397.19580078125,
    5.7315545082092285,
    8.740435600280762,
    0.009611689485609531,
    0.15710534155368805,
    0.0031053319107741117,
    5277.4326171875,
    -0.14093776047229767,
    -0.5196839570999146,
    -0.3556768596172333,
    3.15529203414917,
    2.528369426727295,
    0.010682264342904091,
    0.006101949140429497,
    0.02163493074476719,
    0.10322807729244232,
    0.0038045665714889765,
    0.9059655666351318,
    1.9457020243862644e-05,
    0.020131586119532585,
    0.00010895940067712218,
    0.39294716715812683
  ],
  "std": [
    3957.464111328125,
    0.12468532472848892,
    37.338661193847656,
    82.8985595703125,
    75.20905303955078,
    61.692176818847656,
    10393.849609375,
    1.8091951608657837,
    33.87016296386719,
    0.10039200633764267,
    0.4700722396373749,
    0.05615870654582977,
    4491.32470703125,
    0.38832733035087585,
    0.0533108115196228,
    0.1006208136677742,
    1.5696536302566528,
    0.6863320469856262,
    1.874381422996521,
    1.6863206624984741,
    0.13951171934604645,
    0.26716816425323486,
    0.027514228597283363,
    0.20453102886676788,
    0.0024008930195122957,
    0.09506036341190338,
    0.00542414141818881,
    0.12300900369882584
  ],
  "p95": [
    3958.362060546875,
    -0.0783596858382225,
    60.925628662109375,
    164.78150939941406,
    188.8000030517578,
    213.8674774169922,
    18644.33984375,
    6.666666507720947,
    53.69999694824219,
    0.0,
    1.1235954761505127,
    0.0,
    14166.453125,
    -0.1887603998184204,
    -0.5259547829627991,
    -0.3626043498516083,
    4.688199996948242,
    2.8482725620269775,
    -0.006675721611827612,
    -0.006048023700714111,
    0.0,
    1.0,
    0.0,
    1.0,
    0.0,
    0.10000000149011612,
    0.0,
    0.5470588207244873
  ],
  "p99": [
    3958.392578125,
    0.11040996760129929,
    223.84970092773438,
    491.47393798828125,
    366.0,
    219.89158630371094,
    58549.4453125,
    6.666666507720947,
    184.0,
    0.30000001192092896,
    2.2471909523010254,
    0.0,
    17660.255859375,
    2.154322862625122,
    -0.23557396233081818,
    -0.3626043498516083,
    8.010432243347168,
    2.8482725620269775,
    -0.006675721611827612,
    -0.006048023700714111,
    1.0,
    1.0,
    0.20000000298023224,
    1.0,
    0.0,
    0.6000000238418579,
    0.0,
    1.0
  ]
}