{
  "loss": [
    0.8279238192372302,
    0.6968507335146433,
    0.604241949270375,
    0.5412014089679322,
    0.515888052362624
  ],
  "val_loss": [
    0.8006649613380432,
    0.6748878955841064,
    0.6048135757446289,
    0.5639268159866333,
    0.5410450100898743
  ]
}