{
  "overall_pass": false,
  "checks": {
    "a_model_builds": true,
    "b_forward_pass_shape": true,
    "c_train_loss_decreases": true,
    "d_val_within_10x_train": true,
    "e_benign_recon_close": false,
    "f_attack_recon_higher": false,
    "g_roundtrip_bit_stable": true,
    "h_population_auc_above_floor": true
  },
  "manifest": {
    "config_id": "c1",
    "enc_units_64": 64,
    "enc_units_32": 32,
    "learning_rate": 0.001,
    "recurrent_dropout": 0.0,
    "training_path": "gradient_tape_pure_numpy",
    "input_dim": 44,
    "timesteps": 44,
    "channels": 1,
    "latent_dim": 8,
    "epochs_max": 5,
    "epochs_actual": 5,
    "batch_size": 512,
    "patience": 10,
    "best_val_loss": 0.5410450100898743,
    "training_time_s": 426.61279582977295,
    "early_stopped_by_budget": false,
    "loss_convention": "mean-MSE per sample (matches Phase 5 AE: loss=\"mse\")",
    "ae_reference_val_loss": 0.1987786442041397,
    "ae_reference_threshold_1_5x": 0.29816796630620956,
    "val_recon_mean": 0.5410450100898743,
    "val_recon_p90": 0.9117108583450317,
    "val_recon_p95": 1.1911574602127075,
    "val_recon_p99": 2.802734613418579,
    "test_recon_mean": 65.15166473388672,
    "test_recon_std": 687.1806030273438,
    "test_recon_max": 140109.9375,
    "test_recon_std_over_mean": 10.547398993320382,
    "test_recon_max_over_mean": 2150.5196846816093,
    "test_recon_unimodal": true,
    "test_recon_finite": true,
    "gate1_descriptive": {
      "g1_1_val_loss_le_1_5x_ae": false,
      "g1_2_grad_norm_le_1e3": true,
      "g1_3_recon_histogram_ok": false
    },
    "max_grad_norm_overall": 12.613940238952637,
    "max_grad_norm_per_epoch": [
      9.005011558532715,
      5.100924491882324,
      7.243982791900635,
      10.6249418258667,
      12.613940238952637
    ],
    "tf_version": "2.21.0",
    "keras_version": "3.14.0",
    "random_state": 42
  },
  "train_loss_progression": [
    0.8279238192372302,
    0.6968507335146433,
    0.604241949270375,
    0.5412014089679322,
    0.515888052362624
  ],
  "val_loss_progression": [
    0.8006649613380432,
    0.6748878955841064,
    0.6048135757446289,
    0.5639268159866333,
    0.5410450100898743
  ],
  "benign_sample_mse": 10.684216499328613,
  "attack_sample_mse": 0.9478173851966858,
  "reload_max_abs_diff": 0.0,
  "reload_mean_abs_diff": 0.0,
  "population_auc": 0.9769129630155093,
  "smoke_benign_recon_mse_max": 5.0,
  "smoke_val_over_train_max": 10.0,
  "smoke_population_auc_min": 0.85,
  "roundtrip_max_abs_diff_tol": 0.0001
}