{
  "loss": [
    0.8464296803929499,
    0.7570668305598849,
    0.7154950432757619,
    0.68789536156595,
    0.6695111600442546,
    0.6537855478985181,
    0.6414125916621497,
    0.6144153092412038,
    0.5894091236888126,
    0.5755566085275278,
    0.5746119659223992,
    0.5509280460998726,
    0.5289160045350736,
    0.5197442228368704,
    0.5009394965725815,
    0.4860304090739286,
    0.472739797533795,
    0.459995845788742,
    0.44539764276183985,
    0.43740155668426844,
    0.44292332188717065,
    0.4182434726305522,
    0.40506277743464186,
    0.3939749015441079,
    0.3790623339750955,
    0.3742794213329608,
    0.3635479443053487,
    0.35389177068387817,
    0.35478465963943373,
    0.34141478653518,
    0.3329658175034147,
    0.3263931473508415,
    0.3162376789136546,
    0.3073520148443483,
    0.30960260412010415,
    0.3232334449701784,
    0.29065698954079655,
    0.3409110408477269,
    0.35259683022113264,
    0.3470997937734691,
    0.3183972730428846,
    0.3152647257716824,
    0.3018274814570593,
    0.3546415001030285,
    0.30618461076154746,
    0.289081741912731,
    0.2821364744075601,
    0.2776589549119542,
    0.27663631316784504,
    0.27449928746554864
  ],
  "val_loss": [
    0.8288136124610901,
    0.7706465125083923,
    0.7460907101631165,
    0.7238571047782898,
    0.7242404222488403,
    0.7060381174087524,
    0.6706297993659973,
    0.6483852863311768,
    0.6277499794960022,
    0.6086503863334656,
    0.6001074314117432,
    0.5798730850219727,
    0.5575743913650513,
    0.5645565986633301,
    0.5340280532836914,
    0.5283060073852539,
    0.5072615742683411,
    0.4921250343322754,
    0.48252275586128235,
    0.48038071393966675,
    0.48250317573547363,
    0.44930192828178406,
    0.45057862997055054,
    0.4314679503440857,
    0.43510064482688904,
    0.4261128902435303,
    0.4099345803260803,
    0.387532502412796,
    0.40436843037605286,
    0.3775770664215088,
    0.37222298979759216,
    0.37263670563697815,
    0.3532944619655609,
    0.3591451644897461,
    0.3757067024707794,
    0.3525889813899994,
    0.33723682165145874,
    0.4085976779460907,
    0.39587822556495667,
    0.3747146725654602,
    0.3628070056438446,
    0.36205950379371643,
    0.3494078516960144,
    0.36926576495170593,
    0.34374168515205383,
    0.33567100763320923,
    0.3293854594230652,
    0.328595906496048,
    0.3316660523414612,
    0.3154762089252472
  ]
}