{
  "config_id": "c3",
  "enc_units_64": 32,
  "enc_units_32": 16,
  "learning_rate": 0.001,
  "recurrent_dropout": 0.0,
  "training_path": "gradient_tape_pure_numpy",
  "input_dim": 44,
  "timesteps": 44,
  "channels": 1,
  "latent_dim": 8,
  "epochs_max": 100,
  "epochs_actual": 50,
  "batch_size": 512,
  "patience": 10,
  "best_val_loss": 0.3154762089252472,
  "training_time_s": 3667.4884638786316,
  "early_stopped_by_budget": true,
  "loss_convention": "mean-MSE per sample (matches Phase 5 AE: loss=\"mse\")",
  "ae_reference_val_loss": 0.1987786442041397,
  "ae_reference_threshold_1_5x": 0.29816796630620956,
  "val_recon_mean": 0.3154762089252472,
  "val_recon_p90": 0.30494147539138794,
  "val_recon_p95": 0.5956251621246338,
  "val_recon_p99": 1.6731903553009033,
  "test_recon_mean": 50.87759017944336,
  "test_recon_std": 680.2578735351562,
  "test_recon_max": 140183.9375,
  "test_recon_std_over_mean": 13.37048140715612,
  "test_recon_max_over_mean": 2755.317950507807,
  "test_recon_unimodal": true,
  "test_recon_finite": true,
  "gate1_descriptive": {
    "g1_1_val_loss_le_1_5x_ae": false,
    "g1_2_grad_norm_le_1e3": true,
    "g1_3_recon_histogram_ok": false
  },
  "max_grad_norm_overall": 262.46563720703125,
  "max_grad_norm_per_epoch": [
    1.740246057510376,
    6.152944564819336,
    5.738694190979004,
    4.282866954803467,
    8.700291633605957,
    8.78647518157959,
    5.9356207847595215,
    8.226452827453613,
    12.02348804473877,
    8.167000770568848,
    27.328739166259766,
    7.943142890930176,
    9.243053436279297,
    23.200307846069336,
    4.409101486206055,
    8.733624458312988,
    5.567202091217041,
    6.832282066345215,
    5.991905689239502,
    8.412842750549316,
    23.883506774902344,
    5.841097354888916,
    11.426486015319824,
    5.7169718742370605,
    6.9419965744018555,
    8.176995277404785,
    6.777015686035156,
    14.724603652954102,
    16.19606590270996,
    7.932579517364502,
    9.672750473022461,
    7.540354251861572,
    8.311356544494629,
    8.0288667678833,
    10.126531600952148,
    14.346043586730957,
    5.861938953399658,
    108.64057922363281,
    13.144783020019531,
    40.202537536621094,
    8.92106819152832,
    9.614373207092285,
    10.00019359588623,
    262.46563720703125,
    16.49847984313965,
    30.158248901367188,
    11.084400177001953,
    9.373766899108887,
    41.72998046875,
    10.178650856018066
  ],
  "tf_version": "2.21.0",
  "keras_version": "3.14.0",
  "random_state": 42
}