{
  "ens_p90": 0.6076335906982422,
  "ens_p95": 0.7318314909934998,
  "ens_p99": 0.8497806787490845
}