{
  "ent_p90": 0.13031890988349915,
  "ent_p95": 0.3946473002433777,
  "ent_p97": 0.6468809843063354,
  "ent_p99": 0.9507029056549072
}