{
  "loss": [
    4174096.0,
    4161747.25,
    4142969.0,
    4118008.0,
    4087259.0,
    4051188.5,
    4010129.75,
    3964663.5,
    3915004.0,
    3861570.25,
    3804666.0,
    3744618.0,
    3681620.75,
    3616158.75,
    3548111.0,
    3478046.25,
    3405919.25,
    3331973.75,
    3256747.25,
    3179917.0,
    3101857.5,
    3022414.75,
    2942565.75,
    2861478.5,
    2779890.25,
    2698080.75,
    2616009.75,
    2533705.0,
    2451062.75,
    2368731.75,
    2286506.25,
    2204696.75,
    2122930.0,
    2042094.875,
    1961697.5,
    1882324.0,
    1803117.5,
    1725584.375,
    1648520.5,
    1573194.75,
    1498472.875,
    1425446.0,
    1354147.25,
    1284009.375,
    1215602.375,
    1149284.5,
    1084513.125,
    1021778.3125,
    960476.0,
    901626.5,
    845209.75,
    790416.875,
    738010.125,
    687660.25,
    639989.0,
    594225.0,
    550395.5625,
    509511.71875,
    470053.0625,
    432120.65625,
    397272.65625,
    363661.5625,
    332783.875,
    303693.40625,
    276023.875,
    251592.71875,
    228201.09375,
    206831.265625,
    186748.0,
    168805.9375,
    153153.828125,
    138193.953125,
    125176.8984375,
    114548.96875,
    104465.046875,
    95869.6015625,
    88823.5625,
    82315.1796875,
    77729.84375,
    74037.65625,
    70196.6875,
    67368.8125,
    65417.5703125,
    62463.875,
    63009.5390625,
    60651.97265625,
    60404.77734375,
    59424.234375,
    57880.33203125,
    56368.1015625,
    55710.54296875,
    54880.75390625,
    52779.0859375,
    50798.4140625,
    50740.4609375,
    50125.0390625,
    49876.30859375,
    50368.12109375
  ],
  "val_loss": [
    4106271.0,
    4091118.0,
    4068898.25,
    4044322.75,
    4013711.75,
    3975096.75,
    3935683.5,
    3890606.25,
    3842805.5,
    3788356.0,
    3730499.5,
    3669499.75,
    3607182.0,
    3542506.5,
    3474460.5,
    3419291.0,
    3345382.0,
    3266167.75,
    3204036.25,
    3131925.75,
    3039299.75,
    2962861.5,
    2898187.25,
    2812248.0,
    2724205.5,
    2640239.25,
    2574975.25,
    2492443.5,
    2400235.75,
    2305684.75,
    2287232.25,
    2173852.0,
    2081959.0,
    1998084.125,
    1919783.25,
    1850205.25,
    1738225.625,
    1732638.875,
    1660600.875,
    1555776.375,
    1501905.75,
    1406647.25,
    1330066.75,
    1337744.625,
    1198725.375,
    1134137.375,
    1100660.125,
    1056631.375,
    958638.6875,
    929618.8125,
    889434.8125,
    842181.125,
    807212.75,
    736328.5,
    674871.4375,
    666401.4375,
    617382.625,
    586928.625,
    562465.625,
    493558.40625,
    479259.59375,
    434584.5,
    411581.5625,
    371498.15625,
    388597.28125,
    349080.875,
    335576.59375,
    282428.75,
    280936.59375,
    251772.265625,
    252089.078125,
    213403.109375,
    204046.375,
    195101.09375,
    156518.4375,
    162540.59375,
    136146.953125,
    147421.34375,
    149674.40625,
    142556.140625,
    125497.0859375,
    120516.53125,
    115306.234375,
    112064.390625,
    113727.5546875,
    128806.7890625,
    130167.109375,
    101414.609375,
    126585.3671875,
    145307.46875,
    147445.046875,
    115534.4140625,
    126232.25,
    130838.6953125,
    140979.4375,
    144315.671875,
    123197.8984375,
    132709.78125
  ],
  "learning_rate": [
    0.0010000000474974513,
    0.0010000000474974513,
    0.0010000000474974513,
    0.0010000000474974513,
    0.0010000000474974513,
    0.0010000000474974513,
    0.0010000000474974513,
    0.0010000000474974513,
    0.0010000000474974513,
    0.0010000000474974513,
    0.0010000000474974513,
    0.0010000000474974513,
    0.0010000000474974513,
    0.0010000000474974513,
    0.0010000000474974513,
    0.0010000000474974513,
    0.0010000000474974513,
    0.0010000000474974513,
    0.0010000000474974513,
    0.0010000000474974513,
    0.0010000000474974513,
    0.0010000000474974513,
    0.0010000000474974513,
    0.0010000000474974513,
    0.0010000000474974513,
    0.0010000000474974513,
    0.0010000000474974513,
    0.0010000000474974513,
    0.0010000000474974513,
    0.0010000000474974513,
    0.0010000000474974513,
    0.0010000000474974513,
    0.0010000000474974513,
    0.0010000000474974513,
    0.0010000000474974513,
    0.0010000000474974513,
    0.0010000000474974513,
    0.0010000000474974513,
    0.0010000000474974513,
    0.0010000000474974513,
    0.0010000000474974513,
    0.0010000000474974513,
    0.0010000000474974513,
    0.0010000000474974513,
    0.0010000000474974513,
    0.0010000000474974513,
    0.0010000000474974513,
    0.0010000000474974513,
    0.0010000000474974513,
    0.0010000000474974513,
    0.0010000000474974513,
    0.0010000000474974513,
    0.0010000000474974513,
    0.0010000000474974513,
    0.0010000000474974513,
    0.0010000000474974513,
    0.0010000000474974513,
    0.0010000000474974513,
    0.0010000000474974513,
    0.0010000000474974513,
    0.0010000000474974513,
    0.0010000000474974513,
    0.0010000000474974513,
    0.0010000000474974513,
    0.0010000000474974513,
    0.0010000000474974513,
    0.0010000000474974513,
    0.0010000000474974513,
    0.0010000000474974513,
    0.0010000000474974513,
    0.0010000000474974513,
    0.0010000000474974513,
    0.0010000000474974513,
    0.0010000000474974513,
    0.0010000000474974513,
    0.0010000000474974513,
    0.0010000000474974513,
    0.0010000000474974513,
    0.0010000000474974513,
    0.0010000000474974513,
    0.0010000000474974513,
    0.0010000000474974513,
    0.0010000000474974513,
    0.0010000000474974513,
    0.0010000000474974513,
    0.0010000000474974513,
    0.0010000000474974513,
    0.0010000000474974513,
    0.0010000000474974513,
    0.0010000000474974513,
    0.0010000000474974513,
    0.0010000000474974513,
    0.0010000000474974513,
    0.0005000000237487257,
    0.0005000000237487257,
    0.0005000000237487257,
    0.0005000000237487257,
    0.0005000000237487257
  ]
}