{
  "ae_train_benign": {
    "mean": 104512.65625,
    "std": 562515.75,
    "min": 36.70437240600586,
    "max": 11642226.0,
    "p50": 10021.9697265625,
    "p90": 103214.828125,
    "p95": 208497.90625,
    "p99": 2721228.25
  },
  "ae_val_benign": {
    "mean": 101414.6015625,
    "std": 550509.375,
    "min": 38.88377380371094,
    "max": 10480139.0,
    "p50": 10014.013671875,
    "p90": 100121.484375,
    "p95": 199849.84375,
    "p99": 2575986.75
  }
}