{
  "loss": [
    0.8307932699369692,
    0.751679722204248,
    0.6788233074657155,
    0.6289373015467062,
    0.6033635256943366,
    0.5841571679995763,
    0.5518600046634674,
    0.5184193802572384,
    0.4943408428138717,
    0.47235445795712133,
    0.4699290225985634,
    0.45094620519901213,
    0.4391583892443368,
    0.43156091924524903,
    0.424168420221301,
    0.3972020729201463,
    0.39232467659034176,
    0.379960710947939,
    0.3703841580023904,
    0.36333587097923786
  ],
  "val_loss": [
    0.8081199526786804,
    0.7250605225563049,
    0.6559557914733887,
    0.6204014420509338,
    0.5986824035644531,
    0.5701680779457092,
    0.5310546159744263,
    0.5043487548828125,
    0.4787074625492096,
    0.46928173303604126,
    0.4546280801296234,
    0.43958282470703125,
    0.429561972618103,
    0.42378950119018555,
    0.411011666059494,
    0.399777352809906,
    0.3983122408390045,
    0.37544187903404236,
    0.3810074031352997,
    0.36815643310546875
  ]
}