{
  "config_id": "c5",
  "enc_units_64": 64,
  "enc_units_32": 32,
  "learning_rate": 0.001,
  "recurrent_dropout": 0.1,
  "training_path": "gradient_tape_pure_numpy",
  "input_dim": 44,
  "timesteps": 44,
  "channels": 1,
  "latent_dim": 8,
  "epochs_max": 100,
  "epochs_actual": 20,
  "batch_size": 512,
  "patience": 10,
  "best_val_loss": 0.36815643310546875,
  "training_time_s": 3730.1788399219513,
  "early_stopped_by_budget": true,
  "loss_convention": "mean-MSE per sample (matches Phase 5 AE: loss=\"mse\")",
  "ae_reference_val_loss": 0.1987786442041397,
  "ae_reference_threshold_1_5x": 0.29816796630620956,
  "val_recon_mean": 0.36815643310546875,
  "val_recon_p90": 0.3464715778827667,
  "val_recon_p95": 0.6027256846427917,
  "val_recon_p99": 2.1282660961151123,
  "test_recon_mean": 56.54371643066406,
  "test_recon_std": 680.9015502929688,
  "test_recon_max": 140363.5,
  "test_recon_std_over_mean": 12.042037440675035,
  "test_recon_max_over_mean": 2482.3890055426186,
  "test_recon_unimodal": true,
  "test_recon_finite": true,
  "gate1_descriptive": {
    "g1_1_val_loss_le_1_5x_ae": false,
    "g1_2_grad_norm_le_1e3": true,
    "g1_3_recon_histogram_ok": false
  },
  "max_grad_norm_overall": 17.893796920776367,
  "max_grad_norm_per_epoch": [
    1.1850477457046509,
    1.3957054615020752,
    7.509202480316162,
    4.030026912689209,
    11.194540023803711,
    17.49560546875,
    2.333235263824463,
    2.2082769870758057,
    3.6356520652770996,
    2.7412450313568115,
    14.198893547058105,
    2.7493598461151123,
    4.790940761566162,
    14.880207061767578,
    17.893796920776367,
    2.5479660034179688,
    10.146071434020996,
    6.803836822509766,
    8.179854393005371,
    9.538080215454102
  ],
  "tf_version": "2.21.0",
  "keras_version": "3.14.0",
  "random_state": 42
}