{
  "beta": 1.0,
  "thresholds": {
    "p90": 20.747426986694336,
    "p95": 29.204437255859375,
    "p99": 67.221435546875
  },
  "n_benign_val_used": 30838
}