{
  "loss": [
    53.13103485107422,
    33.152931213378906,
    28.526472091674805,
    25.784866333007812,
    24.071523666381836,
    23.119752883911133,
    22.12238883972168,
    21.246917724609375,
    20.582263946533203,
    20.117660522460938,
    19.660919189453125,
    19.215396881103516,
    18.817066192626953,
    18.613052368164062,
    18.2066707611084,
    17.989381790161133,
    17.686065673828125,
    17.40225601196289,
    16.996673583984375,
    16.656368255615234,
    16.32373809814453,
    16.085247039794922,
    15.937482833862305,
    15.668563842773438,
    15.38688850402832,
    15.35075855255127,
    15.087359428405762,
    14.944101333618164,
    14.709356307983398,
    14.607636451721191,
    14.455489158630371,
    14.332822799682617,
    14.173075675964355,
    14.05451774597168,
    13.962886810302734,
    14.044468879699707,
    13.978161811828613
  ],
  "val_loss": [
    36.637359619140625,
    27.97353172302246,
    24.97699546813965,
    22.61327362060547,
    21.637243270874023,
    20.673582077026367,
    19.53749656677246,
    19.02311134338379,
    18.669645309448242,
    18.313997268676758,
    17.904739379882812,
    17.451091766357422,
    17.153743743896484,
    16.944843292236328,
    16.552751541137695,
    16.217233657836914,
    15.746082305908203,
    15.486810684204102,
    15.051111221313477,
    14.631503105163574,
    14.202888488769531,
    13.865283012390137,
    13.420214653015137,
    13.246825218200684,
    12.686352729797363,
    12.498047828674316,
    12.29869556427002,
    12.420062065124512,
    12.334315299987793,
    12.309168815612793,
    12.989372253417969,
    13.135946273803711,
    13.982279777526855,
    13.612922668457031,
    14.51318645477295,
    13.777155876159668,
    13.547134399414062
  ],
  "learning_rate": [
    0.0010000000474974513,
    0.0010000000474974513,
    0.0010000000474974513,
    0.0010000000474974513,
    0.0010000000474974513,
    0.0010000000474974513,
    0.0010000000474974513,
    0.0010000000474974513,
    0.0010000000474974513,
    0.0010000000474974513,
    0.0010000000474974513,
    0.0010000000474974513,
    0.0010000000474974513,
    0.0010000000474974513,
    0.0010000000474974513,
    0.0010000000474974513,
    0.0010000000474974513,
    0.0010000000474974513,
    0.0010000000474974513,
    0.0010000000474974513,
    0.0010000000474974513,
    0.0010000000474974513,
    0.0010000000474974513,
    0.0010000000474974513,
    0.0010000000474974513,
    0.0010000000474974513,
    0.0010000000474974513,
    0.0010000000474974513,
    0.0010000000474974513,
    0.0010000000474974513,
    0.0010000000474974513,
    0.0010000000474974513,
    0.0005000000237487257,
    0.0005000000237487257,
    0.0005000000237487257,
    0.0005000000237487257,
    0.0005000000237487257
  ]
}