{
  "beta": 0.5,
  "latent_dim": 8,
  "input_dim": 44,
  "epochs_max": 100,
  "epochs_actual": 37,
  "batch_size": 512,
  "learning_rate": 0.001,
  "patience": 10,
  "best_val_loss": 12.29869556427002,
  "training_time_s": 9.141200304031372,
  "early_stopped_by_budget": false,
  "score_formula": "score = sum_d(x - x_hat)^2 + beta * 0.5 * sum_k(exp(logvar) + mu^2 - 1 - logvar); higher => more anomalous",
  "z_mean_used_for_scoring": true,
  "logvar_clip": [
    -10.0,
    10.0
  ],
  "tf_version": "2.21.0",
  "keras_version": "3.14.0",
  "random_state": 42,
  "val_score_median": 2.8339571952819824,
  "val_score_p90": 16.587360382080078,
  "val_score_p95": 24.996143341064453,
  "val_score_p99": 63.68540573120117,
  "val_recon_mean": 9.606855392456055,
  "val_recon_p95": 19.182809829711914,
  "val_kl_mean": 5.3836822509765625,
  "val_kl_p95": 12.931124687194824,
  "recon_to_kl_ratio": 1.784439523843265,
  "test_score_median": 236.55691528320312,
  "test_recon_mean": 972.1049194335938,
  "test_kl_mean": 68.02092742919922,
  "latent_z_mean_per_dim": [
    0.255717009305954,
    -3.609842300415039,
    0.4109461307525635,
    1.980780839920044,
    -1.5995094776153564,
    0.17738564312458038,
    0.015880398452281952,
    0.0008827970596030354
  ],
  "latent_z_std_per_dim": [
    2.9541406631469727,
    4.108818054199219,
    1.2015430927276611,
    5.096218109130859,
    4.236209392547607,
    1.9608525037765503,
    0.04808135703206062,
    0.044039029628038406
  ],
  "latent_z_mean_overall": -0.2959698438644409,
  "latent_z_std_overall": 2.45623779296875,
  "latent_geom_strict_pass": false,
  "latent_geom_strict_threshold_mean": 0.5,
  "latent_geom_strict_threshold_std": 0.5,
  "latent_geom_per_dim_mean_pass": [
    true,
    false,
    true,
    false,
    false,
    true,
    true,
    true
  ],
  "latent_geom_per_dim_std_pass": [
    false,
    false,
    true,
    false,
    false,
    false,
    false,
    false
  ]
}