{
  "max_grad_norm_per_epoch": [
    3.949929714202881,
    6.57066535949707,
    4.496327877044678,
    8.78445816040039,
    8.122323989868164,
    6.975031852722168,
    8.143308639526367,
    30.018848419189453,
    9.003443717956543,
    16.700023651123047,
    8.370929718017578,
    17.395965576171875,
    23.61790657043457,
    46.90549850463867,
    10.994574546813965,
    6.972455024719238,
    8.424810409545898,
    8.391061782836914,
    4.636533737182617,
    5.550469875335693,
    8.889805793762207,
    14.55219841003418,
    5.503089427947998,
    9.834850311279297,
    6.402719497680664,
    8.107015609741211,
    10.934174537658691,
    13.401426315307617,
    25.939430236816406,
    12.633012771606445,
    6.1458282470703125,
    7.377448558807373,
    12.240791320800781,
    8.454503059387207,
    12.859492301940918,
    51.09817886352539,
    27.580238342285156,
    13.143355369567871,
    8.86053466796875
  ],
  "max_grad_norm_overall": 51.09817886352539,
  "g1_2_threshold": 1000.0,
  "g1_2_descriptive_pass": true
}