{
  "loss": [
    0.8253627211721112,
    0.7314707923726916,
    0.6638924183934556,
    0.5934344797213542,
    0.5463681710706212,
    0.5169290472363041,
    0.4886172324171699,
    0.4936447850896115,
    0.46574899096706596,
    0.4535462633702765,
    0.4341574480053795,
    0.4263437917123692,
    0.4095104888267042,
    0.40425809339863633,
    0.3844852129082462,
    0.36407075828536417,
    0.36637089472588663,
    0.3563297043450146,
    0.33946713910310594,
    0.33401204794027006,
    0.32551567899488315,
    0.33545762189196354,
    0.3102338114962044,
    0.3194356906339835,
    0.2958902409338852,
    0.29332246823058583,
    0.29420381555666075,
    0.28086006326052165,
    0.28161951649114797,
    0.2776515879262532,
    0.2518959622598288,
    0.24817584829088069,
    0.2456640473478068,
    0.24813394913163916,
    0.2510967567192074,
    0.2568676239227358,
    0.25431847260082413,
    0.24828928276216342,
    0.22138164492316265
  ],
  "val_loss": [
    0.8159547448158264,
    0.731898307800293,
    0.6579723358154297,
    0.599977970123291,
    0.5796846747398376,
    0.5495405793190002,
    0.5289598703384399,
    0.5141679048538208,
    0.4982641041278839,
    0.4796759784221649,
    0.4807875156402588,
    0.46445339918136597,
    0.4324544072151184,
    0.4224529266357422,
    0.40836191177368164,
    0.4185096323490143,
    0.4141802191734314,
    0.3944297730922699,
    0.39869728684425354,
    0.37362730503082275,
    0.35959193110466003,
    0.36424538493156433,
    0.35449686646461487,
    0.34624043107032776,
    0.34762123227119446,
    0.3406647741794586,
    0.3158814013004303,
    0.35981664061546326,
    0.3277702331542969,
    0.322762131690979,
    0.29723888635635376,
    0.30846232175827026,
    0.30029037594795227,
    0.27807867527008057,
    0.3155790865421295,
    0.27571478486061096,
    0.2750585973262787,
    0.2673647403717041,
    0.2589890658855438
  ]
}