{
  "config_id": "c6",
  "enc_units_64": 64,
  "enc_units_32": 32,
  "learning_rate": 0.001,
  "recurrent_dropout": 0.0,
  "training_path": "gradient_tape_pure_numpy",
  "input_dim": 44,
  "timesteps": 44,
  "channels": 1,
  "latent_dim": 8,
  "epochs_max": 100,
  "epochs_actual": 39,
  "batch_size": 512,
  "patience": 10,
  "best_val_loss": 0.2589890658855438,
  "training_time_s": 3617.5814321041107,
  "early_stopped_by_budget": true,
  "loss_convention": "mean-MSE per sample (matches Phase 5 AE: loss=\"mse\")",
  "ae_reference_val_loss": 0.1987786442041397,
  "ae_reference_threshold_1_5x": 0.29816796630620956,
  "val_recon_mean": 0.2589890658855438,
  "val_recon_p90": 0.23316170275211334,
  "val_recon_p95": 0.4152335822582245,
  "val_recon_p99": 1.312488079071045,
  "test_recon_mean": 43.35292053222656,
  "test_recon_std": 657.4421997070312,
  "test_recon_max": 137447.5,
  "test_recon_std_over_mean": 15.16488835436863,
  "test_recon_max_over_mean": 3170.432310271412,
  "test_recon_unimodal": true,
  "test_recon_finite": true,
  "gate1_descriptive": {
    "g1_1_val_loss_le_1_5x_ae": true,
    "g1_2_grad_norm_le_1e3": true,
    "g1_3_recon_histogram_ok": false
  },
  "max_grad_norm_overall": 51.09817886352539,
  "max_grad_norm_per_epoch": [
    3.949929714202881,
    6.57066535949707,
    4.496327877044678,
    8.78445816040039,
    8.122323989868164,
    6.975031852722168,
    8.143308639526367,
    30.018848419189453,
    9.003443717956543,
    16.700023651123047,
    8.370929718017578,
    17.395965576171875,
    23.61790657043457,
    46.90549850463867,
    10.994574546813965,
    6.972455024719238,
    8.424810409545898,
    8.391061782836914,
    4.636533737182617,
    5.550469875335693,
    8.889805793762207,
    14.55219841003418,
    5.503089427947998,
    9.834850311279297,
    6.402719497680664,
    8.107015609741211,
    10.934174537658691,
    13.401426315307617,
    25.939430236816406,
    12.633012771606445,
    6.1458282470703125,
    7.377448558807373,
    12.240791320800781,
    8.454503059387207,
    12.859492301940918,
    51.09817886352539,
    27.580238342285156,
    13.143355369567871,
    8.86053466796875
  ],
  "tf_version": "2.21.0",
  "keras_version": "3.14.0",
  "random_state": 42
}