{
  "beta": 0.5,
  "thresholds": {
    "p90": 16.587360382080078,
    "p95": 24.996143341064453,
    "p99": 63.68540573120117
  },
  "n_benign_val_used": 30838
}