{
  "loss": [
    0.800722901380903,
    0.6674066185951233,
    0.5683404653646145,
    0.5099606667316801,
    0.45222777851636975,
    0.4123355022851857,
    0.39030020835488666,
    0.3762797456682965,
    0.3498940423934786,
    0.3242823521749607,
    0.29897538785865196,
    0.2740255467500924,
    0.3006107146500057,
    0.27946183815042014,
    0.2536523839250145,
    0.23271257074789387,
    0.24767601576583514,
    0.2504332916988871,
    0.2789981081401659,
    0.25427466804061194,
    0.2289242923136074,
    0.21180257133181166,
    0.19379519057533554,
    0.20178238800205137,
    0.19382652029766087,
    0.1777309522156399,
    0.1841899794043347
  ],
  "val_loss": [
    0.762364387512207,
    0.6655934453010559,
    0.5674676895141602,
    0.5172923803329468,
    0.468425452709198,
    0.45863717794418335,
    0.413813978433609,
    0.450620174407959,
    0.3767208158969879,
    0.3556252121925354,
    0.3314995765686035,
    0.32827693223953247,
    0.33076202869415283,
    0.30587509274482727,
    0.2852068543434143,
    0.29390010237693787,
    0.2957281470298767,
    0.34897565841674805,
    0.309845507144928,
    0.30138033628463745,
    0.26958680152893066,
    0.2708936631679535,
    0.24556183815002441,
    0.27617108821868896,
    0.260783314704895,
    0.24241246283054352,
    0.23064373433589935
  ]
}