{
  "config_id": "c4",
  "enc_units_64": 128,
  "enc_units_32": 64,
  "learning_rate": 0.001,
  "recurrent_dropout": 0.0,
  "training_path": "gradient_tape_pure_numpy",
  "input_dim": 44,
  "timesteps": 44,
  "channels": 1,
  "latent_dim": 8,
  "epochs_max": 100,
  "epochs_actual": 27,
  "batch_size": 512,
  "patience": 10,
  "best_val_loss": 0.23064373433589935,
  "training_time_s": 3709.4407300949097,
  "early_stopped_by_budget": true,
  "loss_convention": "mean-MSE per sample (matches Phase 5 AE: loss=\"mse\")",
  "ae_reference_val_loss": 0.1987786442041397,
  "ae_reference_threshold_1_5x": 0.29816796630620956,
  "val_recon_mean": 0.23064373433589935,
  "val_recon_p90": 0.12323764711618423,
  "val_recon_p95": 0.251731812953949,
  "val_recon_p99": 0.944786548614502,
  "test_recon_mean": 45.67407989501953,
  "test_recon_std": 676.337890625,
  "test_recon_max": 139942.890625,
  "test_recon_std_over_mean": 14.807914952628314,
  "test_recon_max_over_mean": 3063.9454795072925,
  "test_recon_unimodal": true,
  "test_recon_finite": true,
  "gate1_descriptive": {
    "g1_1_val_loss_le_1_5x_ae": true,
    "g1_2_grad_norm_le_1e3": true,
    "g1_3_recon_histogram_ok": false
  },
  "max_grad_norm_overall": 32.392608642578125,
  "max_grad_norm_per_epoch": [
    2.309213638305664,
    5.2875590324401855,
    4.674319267272949,
    6.94798469543457,
    6.684308052062988,
    5.976205825805664,
    8.95938491821289,
    12.099777221679688,
    14.160322189331055,
    13.044500350952148,
    5.036464214324951,
    6.121514797210693,
    9.718942642211914,
    9.086519241333008,
    5.829057216644287,
    3.4862358570098877,
    6.188046932220459,
    22.963159561157227,
    9.76660442352295,
    32.392608642578125,
    5.825928211212158,
    10.044238090515137,
    4.430379390716553,
    22.967119216918945,
    4.849565505981445,
    3.7303860187530518,
    7.286210060119629
  ],
  "tf_version": "2.21.0",
  "keras_version": "3.14.0",
  "random_state": 42
}