{
  "beta": 4.0,
  "thresholds": {
    "p90": 35.88046646118164,
    "p95": 53.071346282958984,
    "p99": 117.9278793334961
  },
  "n_benign_val_used": 30838
}